MLB10494553	Pipoqueira Britânia Pop Time Cor Branco 127v	'	'	'	'	'	https://meli.la/29hwRdR	https://meli.la/29hwRdR
MLB43778206	Organizador Alimentos Cereal Grãos Giratório Compartimento Cor Branca	'	'	'	'	'	https://meli.la/17wGy5U	https://meli.la/17wGy5U
MLB20971838	Limpador De Vidros Magnético Janelas Vidraças Fácil Uso	'	'	'	'	'	https://meli.la/2jWuZwW	https://meli.la/2jWuZwW
20597994614	Colar medalha personalizada Foto gravação a laser Família Amor Avó Pai Mãe Namorado Casal	'	'	'	'	'	https://shopee.com.br/product/757377509/20597994614	https://s.shopee.com.br/60Ndy509OI
58253648094	Berço dobrável portátil Mochila Bolsa Bolsa Maternidade Vira Berço Multifunção Organização Térmica e Impermeável	'	'	'	'	'	https://shopee.com.br/product/1416519945/58253648094	https://s.shopee.com.br/5AoZXgdO6f
23293909383	Bolsa Térmica De Grande Capacidade De Alta Qualidade Adequada Para Viagens De Piquenique Na Praia	'	'	'	'	'	https://shopee.com.br/product/1384073074/23293909383	https://s.shopee.com.br/70GB9uwLMW
23593093649	Cooler Multifuncional Super Térmica 32 Litros Casa Praia Camping Viagens Multiuso	'	'	'	'	'	https://shopee.com.br/product/980152381/23593093649	https://s.shopee.com.br/7AZbMDvi1Z
58256791130	Comedouro e Bebedouro Mais Dog Automático Premium Pet Para Cães e Gatos 2em1	'	'	'	'	'	https://shopee.com.br/product/837456058/58256791130	https://s.shopee.com.br/6fdKlIxc2U
58200866202	Porta Sabão Líquido Ou Organizador de Talheres Giratorio Organização da Pia	'	'	'	'	'	https://shopee.com.br/product/1501927241/58200866202	https://s.shopee.com.br/6pwkxbwyhX
21599717117	Omeleteira Agratto Mr Cheff Inox Redonda 127v / 220v	'	'	'	'	'	https://shopee.com.br/product/563110312/21599717117	https://s.shopee.com.br/7fVrx8to0i
23293870833	Mini Seladora Portátil  2 Em 1 Saco Plástico Embalagen Carregamento Usb Elétrica	' '	' '	'	https://shopee.com.br/product/573895476/23293870833	https://s.shopee.com.br/7ppI9RtAfl
58207268511	Descascador elétrico automático, descascador de alho - adequado para uvas, tomates, alho e frutas (libera suas mãos).	'	'	'	'	'	https://shopee.com.br/product/1415640710/58207268511	https://s.shopee.com.br/5VRPy9QnJL
19299606950	Kit 10/25/50/100 Saquinho Organza Saco Para Lembrancinhas Casamento Decoração Presente Aniversário	'	'	'	'	'	https://shopee.com.br/product/1484455738/19299606950	https://s.shopee.com.br/1gCidJa3j0
22694706641	Porta-Joias Personalizado a Laser | Nome, Foto, Frase | Presente Especial | 10x10cm	'	'	'	'	'	https://shopee.com.br/product/256828417/22694706641	https://s.shopee.com.br/4Auo9cBBBH
22794456875	Porta Joias Personalizado Com Nome Madrinhas De Casamento Presente	'	'	'	'	'	https://shopee.com.br/product/1593812921/22794456875	https://s.shopee.com.br/4VXeYE9uVJ
23094141939	Porta Jóias Com Zíper Estojo Porta Personalizado	'	'	'	'	'	https://shopee.com.br/product/1526688124/23094141939	https://s.shopee.com.br/40bNxJBoWE
22297311780	KIT 12 pcs Porta Jóias Portátil  Caixinha Bolsa de Armazenamento Colar Brincos Anéis	'	'	'	'	'	https://shopee.com.br/product/422066279/22297311780	https://s.shopee.com.br/70Exn6J4Fo
20198076950	KIT 6 Peças Organizador Porta Joias Portátil Viagem Armazenamento de Brinco Colar	'	'	'	'	'	https://shopee.com.br/product/1430626556/20198076950	https://s.shopee.com.br/7AYNzPIQur
MLB62757251	Massageador Profissional Fisioterapia Relaxamento Tensão Crônica Silencioso Pistola Massageadora	'	'	'	'	'	https://mercadolivre.com/sec/2SqXJnm	https://mercadolivre.com/sec/2SqXJnm
18697827315	Pó Mágico Tira Manchas De Roupas Coloridas E Brancas Poder O2 Pote De 1Kg	'	'	'	'	'	https://shopee.com.br/product/851943462/18697827315	https://s.shopee.com.br/8fMsUCXwRV
19297470323	Impermax Repelente Água Vidro 500ml Cristalizador De Vidros Para Brisa Boxs Janelas Espelhos Móveis	'	'	'	'	'	https://shopee.com.br/product/988045411/19297470323	https://s.shopee.com.br/8zzisoWflb
49701924433	Kit 12 Limpadores Pastilha de Sabão para Máquina de Lavar	'	'	'	'	'	https://shopee.com.br/product/504894896/49701924433	https://s.shopee.com.br/807BgyaTnR
23298162156	Removedor de Mofo e Bolor WAP LIMPA MOFO E BOLOR 500ML Limpeza preventiva com Fragrância de Capim Limão	'	'	'	'	'	https://shopee.com.br/product/602392852/23298162156	https://s.shopee.com.br/8V3SHtYZmY
23296219257	Mini Aspirador De pó Portátil e Casa Potente Recarregável	'	'	'	'	'	https://shopee.com.br/product/832040275/23296219257	https://s.shopee.com.br/8fMjbFhsGN
58200981693	Mini Liquidificador Portátil De Suco De Alimentos Misturador Leite Smoothie 400ML 6 Lâminas Espremedor Elétrico	'	'	'	'	'	https://shopee.com.br/product/1607558009/58200981693	https://s.shopee.com.br/9pYgzOdQtc
23193543048	Mini Compressor de Ar Portatil Recarregavél Digital USB Calibrador Pneu Envio Imediato	'	'	'	'	'	https://shopee.com.br/product/1127030290/23193543048	https://s.shopee.com.br/9fFGn5e4Eb
23398855828	Picador De Alimentos 2L 3L Moedor Elétrico Triturador Potente Carne Legumes Temperos Inox 110v/220v	'	'	'	'	'	https://shopee.com.br/product/676651970/23398855828	https://s.shopee.com.br/9KcQOTfKuZ
23294140061	Lavadora de Alta Pressão Portátil Recarregável Para Carros E Jardins Linha Premium Pistola Lava Jato Profissional	'	'	'	'	'	https://shopee.com.br/product/1534000949/23294140061	https://s.shopee.com.br/AUoNmcatXo
23098368787	Carregador Bateria 12v Até 300 Amperes Carro Moto Caminhão Range Plane carregador bicicleta elétrica	'	'	'	'	'	https://shopee.com.br/product/1098377122/23098368787	https://s.shopee.com.br/AKUxaJbWsn
19165777869	Corta Vento Masculina Impermeável Semi Forrada PRETO Rock Saints	'	'	'	'	'	https://shopee.com.br/product/458953645/19165777869	https://s.shopee.com.br/9zs7BhcnYl
58200034184	Marmita Elétrica Veicular Bivolt P/ Carro Casa Taxi Uber Caminhão 12V 24V 110V 220V C	'	'	'	'	'	https://shopee.com.br/product/1531826276/58200034184	https://s.shopee.com.br/5q2YE2sf0y
20097760306	Protetor Impermeável Capa Colchão Matelada Com Elástico	'	'	'	'	'	https://shopee.com.br/product/1168608130/20097760306	https://s.shopee.com.br/5fj81jtILx
19998089354	Bota Tênis Caterpillar em Couro Legitimo Original Adventure Conforto Palmilha em Gel	'	'	'	'	'	https://shopee.com.br/product/520519892/19998089354	https://s.shopee.com.br/5VPhpQtvgw
23193513633	Spray Borrifador Pulverizador para cozinha para Óleo Vinagre de vidro Frasco Kits Multifuncional Azeite água	'	'	'	'	'	https://shopee.com.br/product/396348210/23193513633	https://s.shopee.com.br/5L6Hd7uZ1v
24495667183	Carregador de carro com 6 portas, carregamento rápido PD QC3.0, adaptador USB C, compatível com iPhone.	'	'	'	'	'	https://shopee.com.br/product/1006215031/24495667183	https://s.shopee.com.br/6VIF1Gq7fA
51651365001	Kit 1/2 Sacos De Lavagem para Sapatos Máquina de Lavar	'	'	'	'	'	https://shopee.com.br/product/298953477/51651365001	https://s.shopee.com.br/6Kyooxql09
58200677770	KIT Creatina em Dobro: Whey Protein Isolado Concentrado + 2x Creatina Monohidratada 300g Suplemento	'	'	'	'	'	https://shopee.com.br/product/964196467/58200677770	https://s.shopee.com.br/6AfOcerOL8
19597729523	20L Bomba Elétrica De Galão Recarregável Universal Bebedouro Com Carregamento USB Para Galão Garrafão De Água	'	'	'	'	'	https://shopee.com.br/product/1003085235/19597729523	https://s.shopee.com.br/60LyQLs1g7
18697672653	Maquina de Café Cafeteira Italiana 9 Xícaras Expresso e Moka Em Inox 4, 6 Xícaras	'	'	'	'	'	https://shopee.com.br/product/577144861/18697672653	https://s.shopee.com.br/7AXvoUnaJM
22297710968	Máquina Seladora Embalagem A Vácuo Portátil Alimentos Bivolt Elétrica Embala Conservação + 10 Sacos	'	'	'	'	'	https://shopee.com.br/product/392202270/22297710968	https://s.shopee.com.br/70EVcBoDeL
22294530156	Mini Ar Condicionado Climatizador Umidificador Ventilador Portátil USB Led Quarto Sala Escritório Mesa Reservatório 600m	'	'	'	'	'	https://shopee.com.br/product/1499661843/22294530156	https://s.shopee.com.br/4VZ71gwy5N 
22297450875	Fritadeira Air Fryer Oven Forno Elétrico Digital Extream 10L / 17L	'	'	'	'	'	https://shopee.com.br/product/340477685/22297450875	https://s.shopee.com.br/6fbfDZpUKJ
12237278339	Liquidificador 3 velocidades Turbo Power preto - L-99FB - Mondial	'	'	'	'	'	https://shopee.com.br/product/489001115/12237278339	https://s.shopee.com.br/7pncbil2xY
52804055938	Climatizador Ventisol Cli0601 6 Litros Branco Cinza 60W	'	'	'	'	'	https://shopee.com.br/product/275158536/52804055938	https://s.shopee.com.br/7fUCPPlgIX
20699648200	Protetor Para Colchão 100% Impermeavel com Elastico em Toda Volta	'	'	'	'	'	https://shopee.com.br/product/329660814/20699648200	https://s.shopee.com.br/7KrM0nmwyV
20399299564	Aspirador e Soprador Portátil 5 em 1 – Potente, Multifuncional e Versátil para Limpeza Completa	'	'	'	'	'	https://shopee.com.br/product/1256572557/20399299564	https://s.shopee.com.br/3B1n392oQi
20499648276	Mini Aspirador de Pó Portátil Automotivo Casa Sem Fio 3 em 1 Recarregável Potente 6000Pa	'	'	'	'	'	https://shopee.com.br/product/974102638/20499648276	https://s.shopee.com.br/30iMqq3Rlh
20599386725	Limpador para Frestas Vãos Fendas Box e Janelas - 2 Luva Microfibra + Suporte  - ORIGINAL E REFORÇADO	'	'	'	'	'	https://shopee.com.br/product/481766240/20599386725	https://s.shopee.com.br/9AIwEII0OS
22895978797	Kit 3 Nichos Triplos 100% MDF – Prateleiras Organizadoras para Banheiro em Preto ou Branco	'	'	'	'	'	https://shopee.com.br/product/982048218/22895978797	https://s.shopee.com.br/8zzW1zIdjR
20597658730	Kit Caipirinha Inox 5 Peças -  500ml Profissional Espremedor Coqueteleira Socador Macerador Dosador	'	'	'	'	'	https://shopee.com.br/product/696078220/20597658730	https://s.shopee.com.br/8pg5pgJH4Q
20198149320	15 Displays L 6x4 Acrílico Mini Lousa Buffet Porta Preço	'	'	'	'	'	https://shopee.com.br/product/873192171/20198149320	https://s.shopee.com.br/8AQCSub3M1
22994279140	Tabua de Passar de Madeira Resistente com Forro Térmico Suporta Alta Temperaturas - King Utilidades	'	'	'	'	'	https://shopee.com.br/product/1461889241/22994279140	https://s.shopee.com.br/8V32rWZmg7
25141569145	KIT Pincéis de Silicone Grande Pincel Culinário Cozinha Utilidades Pincel para Azeite Confeitaria	'	'	'	'	'	https://shopee.com.br/product/436723291/25141569145	https://s.shopee.com.br/8fMT3pZ9LA
23893148102	RODO TWISTER ARTICULADO 180º REFIL SILICONE C/ CABO EXTENSOR TELESCÓPICO 1,5 MTS - USO PROFISSIONAL	'	'	'	'	'	https://shopee.com.br/product/269031181/23893148102	https://s.shopee.com.br/1VtIWf0Qsq
23893650356	Kit Vasos Decorativos Luxo Branco em Espiral - Decoração	'	'	'	'	'	https://shopee.com.br/product/500073905/23893650356	https://s.shopee.com.br/1LZsKM14Dp
41872356310	Cadeira Flutuante Rede para Piscina em Tela de Nylon Resistente assento Adultos e Crianças	'	'	'	'	'	https://shopee.com.br/product/1108226774/41872356310	https://s.shopee.com.br/1qW8vGzACw
23198350783	Kit 2 Acessórios Banheiro com Bandeja Dispenser Sabonete Líquido e Porta Escovas - Usual Utilidades	'	'	'	'	'	https://shopee.com.br/product/788172230/23198350783	https://s.shopee.com.br/1gCiixznXv
22497175138	Estante Utilidades plástica com Pezinhos 2 prateleiras, varias cores ideal para cozinha, quarto	'	'	'	'	'	https://shopee.com.br/product/266298289/22497175138	https://s.shopee.com.br/2B8zJsxtX2
58201160861	Porta Bolo Boleira de Bambu com Tampa Acrílica Boleira Decorativa Mesa Posta Utilidades Domésticas	'	'	'	'	'	https://shopee.com.br/product/1360529796/58201160861	https://s.shopee.com.br/20pZ7ZyWs1
14690704785	Kit Jogo 4 Prateleiras De Livro De Parede 100% Mdf Branco 60 X 20 Suporte Porta Quadros	'	'	'	'	'	https://shopee.com.br/product/786374549/14690704785	https://s.shopee.com.br/2VlpiUwcr8
58251741436	KIT 10 Sacos a Vácuo Grande Organizador Edredom Coberto Mala Roupa De Cama 50x60  Utilidades Premium	'	'	'	'	'	https://shopee.com.br/product/1553082472/58251741436	https://s.shopee.com.br/2LSPWBxGC7
58252174953	Palavra de Mesa GRATIDÃO em MDF Decoração Bancada Artesanato Sala Escritório e Presentes	'	'	'	'	'	https://shopee.com.br/product/1592354366/58252174953	https://s.shopee.com.br/BNuwD5Vai
23698182930	Kit 10 Panos de prato para pintura artesanato pano de cozinha para pintar	'	'	'	'	'	https://shopee.com.br/product/1036231479/23698182930	https://s.shopee.com.br/14Uju68vh
21599180367	Relógio de Parede Ou Mesa 15cm Redondo ESTILO MADEIRA bela casa utilidades	'	'	'	'	'	https://shopee.com.br/product/1103274582/21599180367	https://s.shopee.com.br/W0lKp4Euo
8927120814	Kit Bloco De Espuma Automotivo Macia Bucha Para Lavar Carros Multiuso Azul Limpar Carro Moto	'	'	'	'	'	https://shopee.com.br/product/267474618/8927120814	https://s.shopee.com.br/qdbjR2yEu
22196812621	Espelho Banheiro Grande 60cm x 70cm + kit instalação Decoração Sala Lavabo Casa Loja Quarto Provador	'	'	'	'	'	https://shopee.com.br/product/486032786/22196812621	https://s.shopee.com.br/gKBX83bZt
22396137230	Kit com 5 Pacotes de Musgo para Artesanato - Cada Pacotinho com 20g	'	'	'	'	'	https://shopee.com.br/product/319333577/22396137230	https://s.shopee.com.br/1BGS831hZ0
23392881957	Jogo De Alicate peças Ferramenta Universal Corte Meia Cana utilidades profissional Hobby  resistente duradouro qualidade	'	'	'	'	'	https://shopee.com.br/product/340712945/23392881957	https://s.shopee.com.br/4Au3hYqHTc
22092804263	Relógio de Parede ou Mesa 15cm Redondo NÚMEROS bela casa utilidades	'	'	'	'	'	https://shopee.com.br/product/1103274582/22092804263	https://s.shopee.com.br/40adVFquob
23994505402	Kit 4 Prateleiras MDF 25×10 Decorativo Suporte Resistente Quarto Sala Banheiro Cozinha	'	'	'	'	'	https://shopee.com.br/product/786374549/23994505402	https://s.shopee.com.br/4q9kUmnk7o
23394366238	Mop Giratório Esfregão Cesto Inox Rodinhas Balde Centrifuga Cabo 140CM	'	'	'	'	'	https://shopee.com.br/product/482786640/23394366238	https://s.shopee.com.br/2VlrtFEIdU
18298307067	Limpa Air Fryer Spray 250ml Super Dom – Remove Gordura Pesada, Limpeza Rápida e Fácil Uso	'	'	'	'	'	https://shopee.com.br/product/1192714968/18298307067	https://s.shopee.com.br/14NQEzAho
22393485784	Jogo De Frigideira Rotoprint Antiaderente 3 Peças	'	'	'	'	'	https://shopee.com.br/product/747680766/22393485784	https://s.shopee.com.br/BNncXyXMr
22493190225	Kit 10 Cabeceiras Premium 60x20cm | Solteiro, Casal, Queen e King	'	'	'	'	'	https://shopee.com.br/product/1238005680/22493190225	https://s.shopee.com.br/LhDoqxu1u
23398794668	Kit 6 Toalha de Banho Grande Macia Premium 100% Algodão	'	'	'	'	'	https://shopee.com.br/product/523145812/23398794668	https://s.shopee.com.br/W0e19xGgx
22398448834	Porta Frios Hermético Presunto Queijo Kit Acrílico Resistente Triplo Pote Mantimentos	'	'	'	'	'	https://shopee.com.br/product/443675790/22398448834	https://s.shopee.com.br/AAB9WvMT4q
22793559249	Kit Cabeceira 60x20 Estofada Completa Adesiva em Módulos Para Cama de Solteiro Casal Queen King Box	'	'	'	'	'	https://shopee.com.br/product/444917445/22793559249	https://s.shopee.com.br/9zrjKcN6Pp
23696895359	Armário Carrinho Organizador Multiuso Com 4 Camadas Com Rodinhas Cozinha Banheiro Quarto Lavanderia	'	'	'	'	'	https://shopee.com.br/product/406098813/23696895359	https://s.shopee.com.br/AUnzvXLCOw
22796986237	Kit até 10 Cabeceira De Cama Casal - Envio FULL 20x40cm	'	'	'	'	'	https://shopee.com.br/product/487595969/22796986237	https://s.shopee.com.br/9UvSjhP0Qm
22293129382	6 Jogo Americano Juta Areia - Impermeável Limpa Facil Pvc	'	'	'	'	'	https://shopee.com.br/product/376179356/22293129382	https://s.shopee.com.br/9Kc2XOPdll
22493572369	Cortina Blackout Para Quarto Sala Cozinha PVC Corta 100% Luz 2,80 Largura X 2,30 Altura Grande	'	'	'	'	'	https://shopee.com.br/product/875039015/22493572369	https://s.shopee.com.br/9pYJ8JNjks
23097585697	Kit 2 Mesa de Cabeceira ou Unitário para Quarto Charme Retrô Várias Cores Apoio de Cama Mesinha	'	'	'	'	'	https://shopee.com.br/product/360662003/23097585697	https://s.shopee.com.br/9fEsw0ON5r
21997923532	Rodo Limpador De Silicone Mágico multi-Funcional Varredor De Vidros Molhado E Seco De Uso Duplo/Vassoura 1.15 cm	'	'	'	'	'	https://shopee.com.br/product/409229810/21997923532	https://s.shopee.com.br/8fMLkASB7h
20099869818	kit 2 Cadeira de Jantar Lua Decorativa Poltrona Lua Sala de Estar Salão Quarto Estética Recepção	'	'	'	'	'	https://shopee.com.br/product/318913332/20099869818	https://s.shopee.com.br/8zzC8mQuRn
22594205202	Fatiador Profissional Multifuncional De Aço Inoxidável 16 Em 1 Para Vegetais/Frutas/Legumes	'	'	'	'	'	https://shopee.com.br/product/1357069533/22594205202	https://s.shopee.com.br/8AQ59FU58e
23694145170	Potes Herméticos Porta Mantimentos Pote Hermético Vidro MODELOS DIVERSOS Porta Temperos Cozinha	'	'	'	'	'	https://shopee.com.br/product/1540804628/23694145170	https://s.shopee.com.br/806ewwUiTd
20099663835	Kit Puff Apolo Linho pés madeira 2unidades banco banqueta envio imediato	'	'	'	'	'	https://shopee.com.br/product/996620606/20099663835	https://s.shopee.com.br/8V2vXrSoSk
22297398307	Espelho Orgânico Gigante Com Led S/ Fio Pilha Luz Fria Ou Luz Quente amarela decorativa	'	'	'	'	'	https://shopee.com.br/product/383541532/22297398307	https://s.shopee.com.br/8KjVLYTRnj
23492990257	Armário Gabinete Com Gaveta e Rodinhas Para Banheiro Compacto	'	'	'	'	'	https://shopee.com.br/product/418972411/23492990257	https://s.shopee.com.br/7VAOM1WcUa
19497502376	Kit 5pçs Toalha de Banho Bela e Confortável 70x1,40cm 100% Algodão 400 g/m² Direto de Fábrica	'	'	'	'	'	https://shopee.com.br/product/764837298/19497502376	https://s.shopee.com.br/7Kqy9iXFpZ
21397760996	Escova Eletrica De Limpeza modelos 9 em 1 / 7 em 1/ 5 em 1 ! Banheiro e Cozinha Recarregável Envio Imediato	'	'	'	'	'	https://shopee.com.br/product/720952207/21397760996	https://s.shopee.com.br/7pnEkdVLog
22094363273	Kit 5 Pano De Copa Jacquard Premium 100% Algodão 45x65cm Cozinha Desenhos Na Barra	'	'	'	'	'	https://shopee.com.br/product/689315856/22094363273	https://s.shopee.com.br/7fToYKVz9f
19899562262	Escorredor De Arroz Inox Legumes Frutas Multiuso Cozinha Alça Coador Peneira Drenagem Inoxidável	'	'	'	'	'	https://shopee.com.br/product/392003162/19899562262	https://s.shopee.com.br/6puhYnZ9qW
18499088730	Espelho 1 Metro Retangular de Vidro Decoração p/ Sala Quarto Banheiro	'	'	'	'	'	https://shopee.com.br/product/863490285/18499088730	https://s.shopee.com.br/6fbHMUZnBV
23798178107	Kit Colmeia Organizadora de gavetas/Guarda Roupa P, M, G e GG - Maison Plus	'	'	'	'	'	https://shopee.com.br/product/1464118632/23798178107	https://s.shopee.com.br/7AXXxPXtAc
23193177614	Espelhos Varios Modelos Oval Redondo Orgânico  de Vidro Lapidado Para Banheiro Sala Quarto	'	'	'	'	'	https://shopee.com.br/product/1317252147/23193177614	https://s.shopee.com.br/70E7l6YWVb
23793817058	Mop Spray PRO Magico Com Reservatorio Rodo De Limpeza Refil Microfibra	'	'	'	'	'	https://shopee.com.br/product/1362093308/23793817058	https://s.shopee.com.br/6Af0lZbhCS
22498566032	Porta Temperos Profissional Giratório 12 Potes Vidro OFERTA Tampa Dosadora Organizador Condimentos	'	'	'	'	'	https://shopee.com.br/product/1490258353/22498566032	https://s.shopee.com.br/60LaZGcKXR
22598339134	Kit 3 Toalhas de Banho Florata Jacquard Luxo 100% Algodão 140x75cm – Cores Sortidas	'	'	'	'	'	https://shopee.com.br/product/1291576037/22598339134	https://s.shopee.com.br/6KyQxsb3rX
23196684090	Conjunto 02 Poltronas para Sala Decorativa Nina com Almofada e Puff Redondo Pés Palito Suede Aninha Decor	'	'	'	'	'	https://shopee.com.br/product/828862383/23196684090	https://s.shopee.com.br/5VPJyLeEYO
20021628189	kit Porta mantimentos para arroz - feijão - alimentos potes organizadores - pote hermético cozinha	'	'	'	'	'	https://shopee.com.br/product/548208725/20021628189	https://s.shopee.com.br/5q2AMxcxsU
21798536968	KIT 6 Toalhas Turquesa (3 Banho + 3 Rosto) 100% Algodão	'	'	'	'	'	https://shopee.com.br/product/898818849/21798536968	https://s.shopee.com.br/5fikAedbDT
23893072552	Caixa Organizadora Premium de Guarda Roupa Armazenamento Multiuso Armário	'	'	'	'	'	https://shopee.com.br/product/418336777/23893072552	https://s.shopee.com.br/4q9dB7gluK
22297710968	Máquina Seladora Embalagem A Vácuo Portátil Alimentos Bivolt Elétrica Embala Conservação + 10 Sacos	'	'	'	'	'	https://shopee.com.br/product/392202270/22297710968	https://s.shopee.com.br/4fqCyohPFJ
20598036926	Centrífuga De Salada Secador Manual - Nosso Lar	'	'	'	'	'	https://shopee.com.br/product/1383442219/20598036926	https://s.shopee.com.br/5AmTZjfVEQ
23599043776	Escorredor de Louça Duplo Multifuncional Suporte para Pratos, Talheres e Tábua de Corte	'	'	'	'	'	https://shopee.com.br/product/1473898517/23599043776	https://s.shopee.com.br/50T3NQg8ZP
22098082869	Kit 5-10 Saco A Vácuo Grande Organizador Edredom Coberto Mala Roupa De Cama + Bomba a Vacuo Tamanho Grande 110x70	'	'	'	'	'	https://shopee.com.br/product/290908815/22098082869	https://s.shopee.com.br/4AtwNtjJGG
23998637451	Fita Dupla Face Extra Forte Transparente NanoGel Silicone Mágica Adesiva Cola na Parede Móvel Porta	'	'	'	'	'	https://shopee.com.br/product/1357069533/23998637451	https://s.shopee.com.br/40aWBajwbF
21697919241	Cortador, Fatiador e Ralador Manual Multifuncional De Legumes e Alimentos (12 funções)	'	'	'	'	'	https://shopee.com.br/product/1005980154/21697919241	https://s.shopee.com.br/4LDMaCifvL
23098654178	Tábua De Corte 304 Aço Inoxidável Antibacteriana À Prova De Mofo 29~34 cm tábua de cozinha	'	'	'	'	'	https://shopee.com.br/product/1392752117/23098654178	https://s.shopee.com.br/3VeFaflqcC
18397730575	Esfregão Elétrico 9 in 1 Sem fio Escova De Limpeza Pesada Multiuso 360 Recarregável Envio Imediato	'	'	'	'	'	https://shopee.com.br/product/676651970/18397730575	https://s.shopee.com.br/3qH5zHkZwI
18998301195	CABECEIRA DE CAMA BOX ADESIVA 45X20 - Renove Seu Quarto com Estilo !!!ENVIO IMEDIATO!!!	'	'	'	'	'	https://shopee.com.br/product/886994159/18998301195	https://s.shopee.com.br/3fxfmylDHH
23098184134	Petisqueira Redonda 29cm Para Frios Queijo C/ Molheira Ramekin e Garfinhos Inox Cabo Madeira P/ Petiscos	'	'	'	'	'	https://shopee.com.br/product/660421260/23098184134	https://s.shopee.com.br/2qOYnRoNy8
18899586571	Poltrona Decorativa Pétala Lotus Veludo Recepção Pés Palito - Bela Móveis	'	'	'	'	'	https://shopee.com.br/product/535031643/18899586571	https://s.shopee.com.br/gOOwxrXCS
23698129352	Poltrona Decorativa Pétala Lotus Veludo Recepção Pés Palito	'	'	'	'	'	https://shopee.com.br/product/981371054/23698129352	https://s.shopee.com.br/qhp9GqtrV
M3639581216	Kit 2 Luminárias Led Bastão Recarregáveis Sensor Movimento	'	'	'	'	'	https://meli.la/2M94Y5Q	https://meli.la/2M94Y5Q
B07G5J99H1	JIMO Cupim 400ml Contra Cupim Brocas Formigas Alto Poder Residual 	'	'	'	'	'	https://link.amazon/B00MzOqzg	https://link.amazon/B00MzOqzg
18899586571	Poltrona Decorativa Pétala Lotus Veludo Recepção Pés Palito - Bela Móveis	'	'	'	'	'	https://shopee.com.br/product/535031643/18899586571	https://s.shopee.com.br/gOOwxrXCS
23698129352	Poltrona Decorativa Pétala Lotus Veludo Recepção Pés Palito	'	'	'	'	'	https://shopee.com.br/product/981371054/23698129352	https://s.shopee.com.br/qhp9GqtrV
10000000003	Acesse Amazon Através de Nosso Link	'	'	'	'	'	https://link.amazon/B09oESqmC	https://link.amazon/B09oESqmC
B0H3NH2SS8	Espelho Redondo 50x50cm Jateado Lapidado com LED 	'	'	'	'	'	https://link.amazon/B0ehOOPdJ	https://link.amazon/B0ehOOPdJ
3B0DNY8JQYP	Luminária de Mesa Led 3 Tons Usb Elegance 9,5cm x 9,5cm x 38cm Preta Plástico	'	'	'	'	'	https://link.amazon/B0eoUwe71	https://link.amazon/B0eoUwe71
58204122127	Mini máquina de lavar roupa dobrável portátil	'	'	'	'	'	https://s.shopee.com.br/9040DuruYg	https://s.shopee.com.br/9040DuruYg
ML3938698179	Mini máquina de lavar roupa dobrável portátil	'	'	'	'	'	https://mercadolivre.com/sec/2oskPwM	https://mercadolivre.com/sec/2oskPwM
20298258911	Case Capa com Suporte Magsafe Película de Câmera para iPhone	'	'	'	'	'	https://s.shopee.com.br/19CyMMITg	https://s.shopee.com.br/19CyMMITg
B0GVSVS9WH	Celular Samsung Galaxy A57 5G 128GB 8GB RAM Câmera 50MP	'	'	'	'	'	https://link.amazon/B0bz93PHS	https://link.amazon/B0bz93PHS
21099846160	Lixeira com Sensor Automático Inteligente Abre Fácil em Toque Cesto Lixo Casa 16 Litros	'	'	'	'	'	https://shopee.com.br/product/531238819/21099846160	https://s.shopee.com.br/6AkFmuaRUr 
B0GW92VVWD	Lixeira Automática 16L com Sensor Infravermelho Inteligente	'	'	'	'	'	https://link.amazon/B04VQQ7tu	https://link.amazon/B04VQQ7tu
23298095374	Tapete Higienico Good Pad 60x60 Com 30 Und Super Absorção	'	'	'	'	'	https://shopee.com.br/product/293152127/23298095374	https://s.shopee.com.br/1LZxPccGn9
23698090805	Tapete Higienico Good Pad 60x60 Com 30 Und Super Absorção	'	'	'	'	'	https://shopee.com.br/product/372024799/23698090805	https://s.shopee.com.br/1BGXDJcu88
19399891729	Mix-03 um sérum multirreparador com mix de 4 ativos: 6% multivitaminas, 3% de manteiga 1UNID	'	'	'	'	'	https://shopee.com.br/product/1640407425/19399891729	https://s.shopee.com.br/10x710dXT7
19699891709	Mix-03 um sérum multirreparador com mix de 4 ativos: 6% multivitaminas Oficial	'	'	'	'	'	https://shopee.com.br/product/1640407425/19699891709	https://s.shopee.com.br/qdgoheAo6
23298095374	Tapete Higienico Good Pad 60x60 Com 30 Und Super Absorção	'	'	'	'	'	https://shopee.com.br/product/293152127/23298095374	https://s.shopee.com.br/2VlunuuSBs
23698090805	Tapete Higienico Good Pad 60x60 Com 30 Und Super Absorção	'	'	'	'	'	https://shopee.com.br/product/372024799/23698090805	https://s.shopee.com.br/2LSUbbv5Wr
19399891729	Mix-03 um sérum multirreparador com mix de 4 ativos: 6% multivitaminas, 3% de manteiga 1UNID	'	'	'	'	'	https://shopee.com.br/product/1640407425/19399891729	https://s.shopee.com.br/2B94PIvirq
19699891709	Mix-03 um sérum multirreparador com mix de 4 ativos: 6% multivitaminas Oficial	'	'	'	'	'	https://shopee.com.br/product/1640407425/19699891709	https://s.shopee.com.br/20peCzwMCp
58200934555	Régua Macia para Medir Roupas - Fita Métrica Fofa Portátil Mini e Cintura	'	'	'	'	'	https://shopee.com.br/product/1502179324/58200934555	https://s.shopee.com.br/1qWE0gwzXo
25473641044	Fita Métrica Fofa Portátil-Mini Régua Macia Para Medir Tamanhos De Cintura E Roupas	'	'	'	'	'	https://shopee.com.br/product/1006215031/25473641044	https://s.shopee.com.br/1gCnoNxcsn
23892784393	Kit Shampoo e Condicionador Antidanos Bendito Loiro Haskell 300ml	'	'	'	'	'	https://shopee.com.br/product/773409605/23892784393	https://s.shopee.com.br/8KjiGGpeZ4
22498202529	Kit Shampoo e Condicionador Reconstrutor Hidratante Uso Obrigatório Truss	'	'	'	'	'	https://shopee.com.br/product/313283487/22498202529	https://s.shopee.com.br/8V38SZp1E7
MLB26796581	Creatina Monohidratada Pura 500g Dark Lab Unidade	'	'	'	'	'	https://www.mercadolivre.com.br/creatina-monohidratada-pura-500g-dark-lab-unidade/p/MLB26796581?pdp_filters=item_id%3AMLB4812143184#polycard_client=affiliates&wid=MLB4812143184&sid=affiliates	https://mercadolivre.com/sec/1PSaUaz
31000000091	Extrato de Própolis 30 ml Apis Flora	'	'	'	'	'	https://amzn.to/3PbTQPC	https://amzn.to/3PbTQPC
MLB26796581	Creatina Monohidratada Pura 500g Dark Lab Unidade	'	'	'	'	'	https://www.mercadolivre.com.br/creatina-monohidratada-pura-500g-dark-lab-unidade/p/MLB26796581?pdp_filters=item_id%3AMLB4812143184#polycard_client=affiliates&wid=MLB4812143184&sid=affiliates	https://mercadolivre.com/sec/1PSaUaz
21897401555	AMEND KIT EXPERTISE COMPLETE REPAIR SHAMPOO 250ML E CONDICIONADOR 250ML	'	'	'	'	'	https://shopee.com.br/product/1077804858/21897401555	https://s.shopee.com.br/7KrB66dqdQ
19699891709	Mix-03 um sérum multirreparador com mix de 4 ativos: 6% multivitaminas Oficial	'	'	'	'	'	https://shopee.com.br/product/1640407425/19699891709	https://s.shopee.com.br/70EKhUf7JK
19496935117	Amend Expertise Complete Repair Kit Shampoo e Condicionador 250ml	'	'	'	'	'	https://shopee.com.br/product/477051595/19496935117	https://s.shopee.com.br/7AXktneTyN
23892784393	Kit Shampoo e Condicionador Antidanos Bendito Loiro Haskell 300ml	'	'	'	'	'	https://shopee.com.br/product/773409605/23892784393	https://s.shopee.com.br/8KjiGGpeZ4
22498202529	Kit Shampoo e Condicionador Reconstrutor Hidratante Uso Obrigatório Truss	'	'	'	'	'	https://shopee.com.br/product/313283487/22498202529	https://s.shopee.com.br/8V38SZp1E7
22298489702	Limpador Pincel Esponja Maquiagem Elétrico USB Automático Lava Seca Armazena	'	'	'	'	'	https://shopee.com.br/product/1381918631/22298489702	https://s.shopee.com.br/6pum9LVrKv
22293255997	Espelho De Maquiagem Mesa Inteligente Com Luz LED USB Portátil Dobrável Ajustável Touch Oval	'	'	'	'	'	https://shopee.com.br/product/1128533277/22293255997	https://s.shopee.com.br/70ECLeVDzy
58251822986	Loção Noturna Desodorante Corporal Nativa Spa Orquídea Noire – 400ml	'	'	'	'	'	https://shopee.com.br/product/1420372901/58251822986	https://s.shopee.com.br/7AXcXxUaf1
40708740721	Kit 10 Esmaltes Impala Marrom Nude Esmalte Capivara Atacado	'	'	'	'	'	https://shopee.com.br/product/291265983/40708740721	https://s.shopee.com.br/3LKtyujBRI
20299556816	Conjunto de cortador de unhas para pedicure, 16 peças, aço inoxidável com bolsa dobrável	'	'	'	'	'	https://shopee.com.br/product/1377846021/20299556816	https://s.shopee.com.br/3VeKBDiY6L
23897892314	Creme AntiEstrias Removedor Estrias 200g Morena Brasil – Ação Poderosa com Colágeno e Elastina	'	'	'	'	'	https://shopee.com.br/product/231816406/23897892314	https://s.shopee.com.br/3fxkNWhulO
22597349492	Escova Secadora Alisador Elétrica Quente Cabelo Com 3 Em1 Hair Styler 110V	'	'	'	'	'	https://shopee.com.br/product/407952755/22597349492	https://s.shopee.com.br/3qHAZphHQR
19199649259	Caneta  fio a fio para Sobrancelha e Barba À Prova D 'água Microblanding	'	'	'	'	'	https://shopee.com.br/product/1057711992/19199649259	https://s.shopee.com.br/2qOdNzl5SH
22293756813	Kit de Esmaltes Impala Roxinho Rosa Perolado Clássicos Mais Vendidos Atacado	'	'	'	'	'	https://shopee.com.br/product/1449290898/22293756813	https://s.shopee.com.br/30i3aIkS7K
23293942172	Óleo Clareador de Axilas e Virilha Secrets Woman (110 ml) SWISS BEAUTY | Corporal, axilas e virilha	'	'	'	'	'	https://shopee.com.br/product/1391354759/23293942172	https://s.shopee.com.br/4fqHZMe6jg
58200716841	Principia Kit - Anti-manchas- Essencial	'	'	'	'	'	https://shopee.com.br/product/373261329/58200716841	https://s.shopee.com.br/4q9hlfdTOj
42821781287	Kit Completo Karseell Máscara 500 g + condicionador 1L + Shampoo 1L + Óleo karseell P 50ml	'	'	'	'	'	https://shopee.com.br/product/1179613076/42821781287	https://s.shopee.com.br/50T7xycq3m
18858554736	Conjunto de 3 batons / fosco aveludado/Batom Fosco Aveludado	'	'	'	'	'	https://shopee.com.br/product/889221854/18858554736	https://s.shopee.com.br/5AmYAHcCip
26310323709	KIKO Milano Conjunto de pincéis de maquiagem / 5pcs+Saco organizador	'	'	'	'	'	https://shopee.com.br/product/1160892777/26310323709	https://s.shopee.com.br/40aam8ge5c
23998648815	Wella Pro Oil Reflections Óleo 100ml	'	'	'	'	'	https://shopee.com.br/product/275739347/23998648815	https://s.shopee.com.br/4Au0yRg0kf
20846672583	Clareador de Virilha e Axila Creme Clareador Partes Intimas - Clear Beauty Original	'	'	'	'	'	https://shopee.com.br/product/768604265/20846672583	https://s.shopee.com.br/4LDRAkfNPi
22831010594	Depilador Elétrico Batom Indolor Portátil Facial Touch  Removedor de Pêlos Indesejados Recarregável	'	'	'	'	'	https://shopee.com.br/product/767949698/22831010594	https://s.shopee.com.br/4VWrN3ek4l
23493397958	Kit 16 Pçs/Set Profissional Aço inoxidável Para Manicure Pedicure	'	'	'	'	'	https://shopee.com.br/product/1005980154/23493397958	https://s.shopee.com.br/qdZ0JshW5
18598354285	Kit Maleta Maquiagem completo Profissional Com Espelho e Luz Led e paleta de maquiagem	'	'	'	'	'	https://shopee.com.br/product/1630928956/18598354285	https://s.shopee.com.br/10wzCcs4B8
18897459506	Bolsa De Cosmético  Com Grande Capacidade Portátil Viagem Cosméticos Para Viagem 884/774/311/916	'	'	'	'	'	https://shopee.com.br/product/739972532/18897459506	https://s.shopee.com.br/1BGPOvrQqB
23898657071	Depilador Eletrico Feminino Recarregável Removedor De Pelos Navalha Dupla	'	'	'	'	'	https://shopee.com.br/product/1381918631/23898657071	https://s.shopee.com.br/BNsD5vEs1
23497647985	Limpador De Pincel Esponja Maquiagem Elétrico USB Automático Recarregável Lava Armazena Bivolt	'	'	'	'	'	https://shopee.com.br/product/378093609/23497647985	https://s.shopee.com.br/20pWOSoG9Q
22310437916	Lixador de Pé Elétrico - Esfoliador Tira Calos Pedicure Portátil  Lixa Elimina Calo Portátil Usb Pilha	'	'	'	'	'	https://shopee.com.br/product/378486098/22310437916	https://s.shopee.com.br/2B8walncoT
21797681952	Kit Terapia Capilar Óleo de Coco + Rícino + Alecrim Natuhair 60ml	'	'	'	'	'	https://shopee.com.br/product/844782615/21797681952	https://s.shopee.com.br/2LSMn4mzTW
20797676896	Batom Cremoso Creamy Matte GLASS BY RUBY ROSE	'	'	'	'	'	https://shopee.com.br/product/722975682/20797676896	https://s.shopee.com.br/2VlmzNmM8Z
22893910758	Base Líquida Bruna Tavares BT Skin Acabamento Aveludado 40 ml	'	'	'	'	'	https://shopee.com.br/product/1377341349/22893910758	https://s.shopee.com.br/1LZpbEqnVM
9347943263	Kit 10 peças pincel kabuki precisão  Conjunto de Maquiagem para Sombra Delineador Lábios Pó Base	'	'	'	'	'	https://shopee.com.br/product/430146238/9347943263	https://s.shopee.com.br/1gCfzqpWpS
23594279245	Lixador de Pé Elétrico - Esfoliador Tira Calos Pedicure Portátil com Removedor Recarregável USB	'	'	'	'	'	https://shopee.com.br/product/1530365385/23594279245	https://s.shopee.com.br/1qW6C9otUV
21699850579	KIT NIVEA Loção Hidratante Milk Pele Seca a Extrasseca 400ml 2 Unidades BBB 26	'	'	'	'	'	https://shopee.com.br/product/502619181/21699850579	https://s.shopee.com.br/8pfqX1OFHs
23993167873	Paleta de Sombras Mystic Glow 18 Cores RUBY ROSE	'	'	'	'	'	https://shopee.com.br/product/722975682/23993167873	https://s.shopee.com.br/8fMQKiOscr
20199357121	KIT COMPLETO MASCARA + SHAMPOO + CONDICIONADOR  KARSEELL ORIGINAL MACA POWER COLLAGEN ORIGINAL IMPORTADO Karseell .!!!!!	'	'	'	'	'	https://shopee.com.br/product/300863563/20199357121	https://s.shopee.com.br/9AIgvdMyby
21799497981	Escova Rotativa Elétrica Secador de cabelo Professinal 2 em 1	'	'	'	'	'	https://shopee.com.br/product/1005980154/21799497981	https://s.shopee.com.br/8zzGjKNbwx
23793082548	Óleo Elseve Extraordinário Paris 100ml	'	'	'	'	'	https://shopee.com.br/product/1045085918/23793082548	https://s.shopee.com.br/8AQ9jnQmdo
22499255714	Base Mate Cobre Tudo 30ml Boca / Rosa Beauty	'	'	'	'	'	https://shopee.com.br/product/1659347300/22499255714	https://s.shopee.com.br/806jXURPyn
18598043780	Kit 3 Necessaire Maquiagem Transparente WashBag A Prova De Água  332	'	'	'	'	'	https://shopee.com.br/product/1074623551/18598043780	https://s.shopee.com.br/8V308PPVxu
20178281640	Kit Giovanna Baby Blue, Loção Hidratante, Desodorante Aerosol, Body Splash, Deo Colônia e sabonete	'	'	'	'	'	https://shopee.com.br/product/251254083/20178281640	https://s.shopee.com.br/8KjZw6Q9It
19099260299	Secador de Cabelo 110v Profissional 3200w - Voltagem 110v--6881	'	'	'	'	'	https://shopee.com.br/product/818350485/19099260299	https://s.shopee.com.br/AABE7TJAaG
4696505626	NIVEA SUN Protetor Solar Protect & Hidrata FPS 30 400ml BBB 26	'	'	'	'	'	https://shopee.com.br/product/502619181/4696505626	https://s.shopee.com.br/9zrnvAJnvF
23297443289	Motorzinho Para Lixar Calos e Rachaduras Ideal Para Pedicures	'	'	'	'	'	https://shopee.com.br/product/341061019/23297443289	https://s.shopee.com.br/AUo4W5HtuM
19799202202	Karseell Collagen Tratamento Capilar 500g	'	'	'	'	'	https://shopee.com.br/product/1179613076/19799202202	https://s.shopee.com.br/9pYNirKRGI
23693189421	GUI ANA Organizador Prateleira Diamante Acrílico Porta Maquiagem Beleza linhas	'	'	'	'	'	https://shopee.com.br/product/1299283009/23693189421	https://s.shopee.com.br/9fExWYL4bH
17793817412	Escova Secadora Alisador Elétrica Quente Cabelo Com 3 Em1 Hair Styler FANG APENAS 110V	'	'	'	'	'	https://shopee.com.br/product/526596865/17793817412	https://s.shopee.com.br/6Af5M7YOhc
22597347421	NIVEA SUN Protetor Solar Protect & Hidrata Ultra FPS 60 150ml BBB 26	'	'	'	'	'	https://shopee.com.br/product/502619181/22597347421	https://s.shopee.com.br/60Lf9oZ22b
23398539116	Natura Tododia Framboesa e Pimenta Vermelha - Linha Completa - Escolha seu Item	'	'	'	'	'	https://shopee.com.br/product/283238461/23398539116	https://s.shopee.com.br/6VHvkjX81i
2986843310	NIVEA Loção Hidratante Milk Pele Seca a Extrasseca 200ml BBB 26	'	'	'	'	'	https://shopee.com.br/product/502619181/2986843310	https://s.shopee.com.br/6KyVYQXlMh
23393092888	kit Progressiva Karseell 500g + Shampoo Karseell 500g	'	'	'	'	'	https://shopee.com.br/product/319532890/23393092888	https://s.shopee.com.br/5VPOYtaw3Y
24034090678	Paleta de Sombras com 40 Cores - Acabamento Matte e Shimmer, Alta Pigmentação, Efeito Esfumado e Longa Duração.	'	'	'	'	'	https://shopee.com.br/product/1006215031/24034090678	https://s.shopee.com.br/5L5yMabZOX
11856449562	Kit Nutrição Capilar Profissional Soul Care 300g | Shampoo Condicionador Máscara com Queratina	'	'	'	'	'	https://shopee.com.br/product/443754236/11856449562	https://s.shopee.com.br/5q2ExVZfNe
22998876843	Boticário Nativa Spa Uva Merlot Kit Hidratante 400ml + Refil 350ml	'	'	'	'	'	https://shopee.com.br/product/1078994982/22998876843	https://s.shopee.com.br/7VASwZTK00
23792785771	Principia Kit Anti-Acne Trio Gel de Limpeza GL-01 + Sérum Mix-01 + Protetor Solar Facial PS-01	'	'	'	'	'	https://shopee.com.br/product/373261329/23792785771	https://s.shopee.com.br/7Kr2kGTxKz
23698691180	Kit Cronograma Capilar Completo Karseell – 3 Máscaras (Hidratação, Nutrição e Reconstrução)	'	'	'	'	'	https://shopee.com.br/product/407760070/23698691180	https://s.shopee.com.br/7pnJLBS3K6
19399262306	Kit Kameell Máscara 500g + Óleo 50ml | Hidratação Profunda, Reconstrução e Brilho Intenso	'	'	'	'	'	https://shopee.com.br/product/1110838097/19399262306	https://s.shopee.com.br/6pum9LVrLw
21899305305	Depilador de Sombrancelha Buço Nariz Orelha Rosto Facial Elétrico Tira Pelos USB Recarregável Profissional Portátil	'	'	'	'	'	https://shopee.com.br/product/1215185317/21899305305	https://s.shopee.com.br/7AXcXxUag2
26037586168	NIVEA Sabonete Líquido Óleo de Banho - 200 ml	'	'	'	'	'	https://shopee.com.br/product/502619181/26037586168	https://s.shopee.com.br/70ECLeVE11
23098889747	Paleta de Sombras Glass Mirror Shade 18 Cores Ruby Rose Make Completa Profissional Envio Full	'	'	'	'	'	https://shopee.com.br/product/1617341510/23098889747	https://s.shopee.com.br/3VeKBDiY7M
19399548226	NIVEA Q10 Sérum Antissinais Expert Dupla Ação 30ml BBB 26	'	'	'	'	'	https://shopee.com.br/product/502619181/19399548226	https://s.shopee.com.br/3LKtyujBSL
22299034318	NIVEA Loção Hidratante Milk Pele Seca a Extrasseca 200ml -3 Unidades BBB 26	'	'	'	'	'	https://shopee.com.br/product/502619181/22299034318	https://s.shopee.com.br/3qHAZphHRS
3084524652	NIVEA Hidratante Desodorante Soft Milk 200ml BBB 26	'	'	'	'	'	https://shopee.com.br/product/502619181/3084524652	https://s.shopee.com.br/2qOdNzl5TI
20298293546	Kit Skin Care Clareador Facial Vitamina C para Manchas, Melasma e Anti-idade Sérum, Sabonete, Água Micelar Gel	'	'	'	'	'	https://shopee.com.br/product/329203540/20298293546	https://s.shopee.com.br/2g5DBglioH
19197398472	Amend Expertise KIT Marula Nutrition Completo com 5 Produtos	'	'	'	'	'	https://shopee.com.br/product/1077804858/19197398472	https://s.shopee.com.br/3B1TmbjonO
18497402527	AMEND MÁSCARA NUTRITIVA EXPERTISE MARULA FABULOUS NUTRITION 300G	'	'	'	'	'	https://shopee.com.br/product/1077804858/18497402527	https://s.shopee.com.br/30i3aIkS8N
18232758480	NIVEA Hidratante Corporal Beleza Radiante Pele Uniforme 200ml BBB 26	'	'	'	'	'	https://shopee.com.br/product/502619181/18232758480	https://s.shopee.com.br/4q9hlfdTPk
22892447218	AMEND KIT EXPERTISE COMPLETE REPAIR | 5 PRODUTOS	'	'	'	'	'	https://shopee.com.br/product/1077804858/22892447218	https://s.shopee.com.br/4fqHZMe6kj
16693709236	NIVEA Hidratante Facial Beleza Radiante 7 em 1 100g BBB 26	'	'	'	'	'	https://shopee.com.br/product/502619181/16693709236	https://s.shopee.com.br/50T7xycq4p
23493478982	KIT lili 350ml creme e perfume acetinado corpo e mãos hidratante lily lulli cuide se bem	'	'	'	'	'	https://shopee.com.br/product/1339254692/23493478982	https://s.shopee.com.br/4Au0yRg0lg
22097296846	Protetor Solar facial PS-01 FPS 60	'	'	'	'	'	https://shopee.com.br/product/373261329/22097296846	https://s.shopee.com.br/40aam8ge6f
41660375635	Blush Líquido RARE BEAUTY Soft Pinch 7.5ML	'	'	'	'	'	https://shopee.com.br/product/955204066/41660375635	https://s.shopee.com.br/4VWrN3ek5m
22398320827	Removedor Cravos e Espinhas Extrator de Cravos Sucção a Vácuo Aparelho Recarregável Sugador Remove Acne	'	'	'	'	'	https://shopee.com.br/product/386512962/22398320827	https://s.shopee.com.br/4LDRAkfNQl
22494497880	Kit collagen Shampoo Condicionador Purificador 1L Máscara Hidratação 500g Óleo Reparador 60ml	'	'	'	'	'	https://shopee.com.br/product/1247395009/22494497880	https://s.shopee.com.br/qdZ0JshX6
23394306708	Lixador de Pé Elétrico - Esfoliador Tira Calos Pedicure Portátil Marisa Lixa Elimina Calo Portátil Usb Pilha	'	'	'	'	'	https://shopee.com.br/product/1522364802/23394306708	https://s.shopee.com.br/gK8o0tKs5
23898526571	Protetor solar facial PS-01 FPS 40	'	'	'	'	'	https://shopee.com.br/product/373261329/23898526571	https://s.shopee.com.br/1BGPOvrQrC
22794423162	Kit Capilar Óleo Extraordinário NEW HAIR (3 itens) - Shampoo, Condicionador e Máscara	'	'	'	'	'	https://shopee.com.br/product/1391354759/22794423162	https://s.shopee.com.br/10wzCcs
23494658742	Penteadeira Compacta com Espelho Interno Dulce - Cores	'	'	'	'	'	https://shopee.com.br/product/1496599745/23494658742	https://s.shopee.com.br/7pn9I1yzu9
22398318204	Rack Bancada Tv 43 Pol. Sala Com Pes Retro 1 Gaveteiro Moderno - Cores	'	'	'	'	'	https://shopee.com.br/product/1496599745/22398318204	https://s.shopee.com.br/7Kqsh70tv4
20199712466	Aparador Buffet E&A 3 Portas com Pés Retro Cantinho Do Café - Cores	'	'	'	'	'	https://shopee.com.br/product/1496599745/20199712466	https://s.shopee.com.br/7VAItQ0Ga7
23798553350	Aparador Buffet E&A 4 Portas com Pés Retro Cantinho Do Café - Cor	'	'	'	'	'	https://shopee.com.br/product/1496599745/23798553350	https://s.shopee.com.br/3B1JjSGlNI
23293892437	Mesinha Computador Multiuso Quarto Sala Escritório Star - Cores	'	'	'	'	'	https://shopee.com.br/product/1496599745/23293892437	https://s.shopee.com.br/30htX9HOiH
22193988251	Tabua Para Passar Roupa Com Organizador Prateleiras 1 Porta	'	'	'	'	'	https://shopee.com.br/product/1496599745/22193988251	https://s.shopee.com.br/2qOTKqI23G
22698646098	Armário Multiuso Slim 2 Portas com Rodízios	'	'	'	'	'	https://shopee.com.br/product/1496599745/22698646098	https://s.shopee.com.br/2g538XIfOF
23398544803	Sapateira Organizador Multiuso C/ Rodizios Space - Cores	'	'	'	'	'	https://shopee.com.br/product/1496599745/23398544803	https://s.shopee.com.br/3qH0WgEE1U
22998681627	Mesa Escrivaninha Para Computador Escritório Pc Gamer RTX - CORES	'	'	'	'	'	https://shopee.com.br/product/1496599745/22998681627	https://s.shopee.com.br/3fxaKNErMT
58201974911	Rack Milano E&A TV Sala com Pés Retrô 1 Gaveteiro - Cores	'	'	'	'	'	https://shopee.com.br/product/1496599745/58201974911	https://s.shopee.com.br/3VeA84FUhS
20798075431	Armario Espelheira Space Com Porta - Cor	'	'	'	'	'	https://shopee.com.br/product/1496599745/20798075431	https://s.shopee.com.br/3LKjvlG82R
58250641717	Painel Para Tv 45 Polegadas De Parede Rack 2 Portas Moderno	'	'	'	'	'	https://shopee.com.br/product/1496599745/58250641717	https://s.shopee.com.br/4VWhJuBgfg
23798747094	Mesa Home Office C/prateleiras De Metal E&A - Preto/Canela	'	'	'	'	'	https://shopee.com.br/product/1496599745/23798747094	https://s.shopee.com.br/4LDH7bCK0f
22798553602	Mesinha Computador Multiuso Escritório Esparta 1 Gaveta	'	'	'	'	'	https://shopee.com.br/product/1496599745/22798553602	https://s.shopee.com.br/4AtqvICxLe
22198682285	Livreiro Space Organizador Livreiro Para Sala Escritório Space Preto Freijó	'	'	'	'	'	https://shopee.com.br/product/1496599745/22198682285	https://s.shopee.com.br/40aQizDagd
20099663704	Armário de Banheiro Aéreo 2 Portas Com Espelho Espelheira Com Nicho Aquiles	'	'	'	'	'	https://shopee.com.br/product/1496599745/20099663704	https://s.shopee.com.br/5AmO7899Js
22098682157	ENVIO FULL - Estante Livreiro Multiuso Organizador com 2 Portas	'	'	'	'	'	https://shopee.com.br/product/1496599745/22098682157	https://s.shopee.com.br/50Sxup9mer
23399179230	Painel Para Tv 45 Polegadas De Parede Rack 2 Portas Moderno - T&T	'	'	'	'	'	https://shopee.com.br/product/1496599745/23399179230	https://s.shopee.com.br/4q9XiWAPzq
19198077013	Armario Espelheira Genova Com Porta	'	'	'	'	'	https://shopee.com.br/product/1496599745/19198077013	https://s.shopee.com.br/4fq7WDB3Kp
21499840500	Rack Gardênia Retro com Painel Space para TV até 32” - Cores	'	'	'	'	'	https://shopee.com.br/product/1496599745/21499840500	https://s.shopee.com.br/Lh8MFRY81
23693888897	Conjunto 2 Cadeiras Juncada E Mesa de Centro - E&A	'	'	'	'	'	https://shopee.com.br/product/1496599745/23693888897	https://s.shopee.com.br/BNi9wSBT0
23798567221	Rack De Tv Para Sala	'	'	'	'	'	https://shopee.com.br/product/1496599745/23798567221	https://s.shopee.com.br/14HxdSonz
18298225602	Kit 2 Mesas De Cabeceira Com Gaveta Alice - Cores	'	'	'	'	'	https://shopee.com.br/product/1496599745/18298225602	https://s.shopee.com.br/1BGFLmONRE
23898819045	Mesa de Escritório em L Estilo Industrial 1	'	'	'	'	'	https://shopee.com.br/product/1496599745/23898819045	https://s.shopee.com.br/10wp9TP0mD
23594371131	Mesa Home Office C/prateleiras De Metal E&A - Preto/Preto	'	'	'	'	'	https://shopee.com.br/product/1496599745/23594371131	https://s.shopee.com.br/qdOxAPe7C
22398400177	Churrasqueira Elétrica Top Grill I 127V E 220V	'	'	'	'	'	https://shopee.com.br/product/1496599745/22398400177	https://s.shopee.com.br/gJykrQHSB
22998676616	Kit Mesa de Cabeceira SAL Gaveta Retrô Com Cabeceira Luxuria Cama Queen 160CM	'	'	'	'	'	https://shopee.com.br/product/1496599745/22998676616	https://s.shopee.com.br/1qVw90Lq5Q
22598344130	Rack Bancada Gardénia Com Pés Retrô Moderno - Cores	'	'	'	'	'	https://shopee.com.br/product/1496599745/22598344130	https://s.shopee.com.br/1gCVwhMTQP
18199889561	Rack Bancada Abreu T&T 3 Portas com Pés Retro - Cores	'	'	'	'	'	https://shopee.com.br/product/1496599745/18199889561	https://s.shopee.com.br/1Vt5kON6lO
23198318196	Mesinha Computador Multiuso Escritorio Nina 1 Gaveta - Cor	'	'	'	'	'	https://shopee.com.br/product/1496599745/23198318196	https://s.shopee.com.br/1LZfY5Nk6N
23798389808	Churrasqueira Elétrica Top Grill II 127V E 220V	'	'	'	'	'	https://shopee.com.br/product/1496599745/23798389808	https://s.shopee.com.br/2VlcwEJIjc
23598681335	Conjunto Mesa Industrial e Livreiro Moderno - CORES	'	'	'	'	'	https://shopee.com.br/product/1496599745/23598681335	https://s.shopee.com.br/2LSCjvJw4b
23293837624	Rack Bancada Gardénia Com Pés Retrô Moderno - Cor	'	'	'	'	'	https://shopee.com.br/product/1496599745/23293837624	https://s.shopee.com.br/2B8mXcKZPa
58251165182	Mesinha Computador Multiuso Quarto Sala Escritório Star 70CM - Cores	'	'	'	'	'	https://shopee.com.br/product/1496599745/58251165182	https://s.shopee.com.br/20pMLJLCkZ
18399726441	Mesa De Centro Floripa Moderno - Cores	'	'	'	'	'	https://shopee.com.br/product/1496599745/18399726441	https://s.shopee.com.br/8V2q5FwSYq
22993965040	Painel Tv até 48 Polegadas Guaratuba - Cores	'	'	'	'	'	https://shopee.com.br/product/1496599745/22993965040	https://s.shopee.com.br/8KjPswx5tp
22699031717	Aparador Para TV Até 40 Polegadas Rack Life MDP Com Nicho E Prateleiras	'	'	'	'	'	https://shopee.com.br/product/1496599745/22699031717	https://s.shopee.com.br/8APzgdxjEo
18499777632	Mesa De Cabeceira Suspensa Para Quarto Com Gaveta Com Nicho	'	'	'	'	'	https://shopee.com.br/product/1496599745/18499777632	https://s.shopee.com.br/806ZUKyMZn
23194371020	Mesa Home Office C/prateleiras De Metal T&T - Preto/Bronze	'	'	'	'	'	https://shopee.com.br/product/1496599745/23194371020	https://s.shopee.com.br/9AIWsTtvD2
23494658742	Penteadeira Compacta com Espelho Interno Dulce - Cores	'	'	'	'	'	https://shopee.com.br/product/1496599745/23494658742	https://s.shopee.com.br/7pn9I1yzu9
22398318204	Rack Bancada Tv 43 Pol. Sala Com Pes Retro 1 Gaveteiro Moderno - Cores	'	'	'	'	'	https://shopee.com.br/product/1496599745/22398318204	https://s.shopee.com.br/7Kqsh70tv4
20199712466	Aparador Buffet E&A 3 Portas com Pés Retro Cantinho Do Café - Cores	'	'	'	'	'	https://shopee.com.br/product/1496599745/20199712466	https://s.shopee.com.br/7VAItQ0Ga7
23798553350	Aparador Buffet E&A 4 Portas com Pés Retro Cantinho Do Café - Cor	'	'	'	'	'	https://shopee.com.br/product/1496599745/23798553350	https://s.shopee.com.br/3B1JjSGlNI
23293892437	Mesinha Computador Multiuso Quarto Sala Escritório Star - Cores	'	'	'	'	'	https://shopee.com.br/product/1496599745/23293892437	https://s.shopee.com.br/30htX9HOiH
22193988251	Tabua Para Passar Roupa Com Organizador Prateleiras 1 Porta	'	'	'	'	'	https://shopee.com.br/product/1496599745/22193988251	https://s.shopee.com.br/2qOTKqI23G
22698646098	Armário Multiuso Slim 2 Portas com Rodízios	'	'	'	'	'	https://shopee.com.br/product/1496599745/22698646098	https://s.shopee.com.br/2g538XIfOF
23398544803	Sapateira Organizador Multiuso C/ Rodizios Space - Cores	'	'	'	'	'	https://shopee.com.br/product/1496599745/23398544803	https://s.shopee.com.br/3qH0WgEE1U
22998681627	Mesa Escrivaninha Para Computador Escritório Pc Gamer RTX - CORES	'	'	'	'	'	https://shopee.com.br/product/1496599745/22998681627	https://s.shopee.com.br/3fxaKNErMT
58201974911	Rack Milano E&A TV Sala com Pés Retrô 1 Gaveteiro - Cores	'	'	'	'	'	https://shopee.com.br/product/1496599745/58201974911	https://s.shopee.com.br/3VeA84FUhS
20798075431	Armario Espelheira Space Com Porta - Cor	'	'	'	'	'	https://shopee.com.br/product/1496599745/20798075431	https://s.shopee.com.br/3LKjvlG82R
58250641717	Painel Para Tv 45 Polegadas De Parede Rack 2 Portas Moderno	'	'	'	'	'	https://shopee.com.br/product/1496599745/58250641717	https://s.shopee.com.br/4VWhJuBgfg
23798747094	Mesa Home Office C/prateleiras De Metal E&A - Preto/Canela	'	'	'	'	'	https://shopee.com.br/product/1496599745/23798747094	https://s.shopee.com.br/4LDH7bCK0f
22798553602	Mesinha Computador Multiuso Escritório Esparta 1 Gaveta	'	'	'	'	'	https://shopee.com.br/product/1496599745/22798553602	https://s.shopee.com.br/4AtqvICxLe
22198682285	Livreiro Space Organizador Livreiro Para Sala Escritório Space Preto Freijó	'	'	'	'	'	https://shopee.com.br/product/1496599745/22198682285	https://s.shopee.com.br/40aQizDagd
20099663704	Armário de Banheiro Aéreo 2 Portas Com Espelho Espelheira Com Nicho Aquiles	'	'	'	'	'	https://shopee.com.br/product/1496599745/20099663704	https://s.shopee.com.br/5AmO7899Js
22098682157	ENVIO FULL - Estante Livreiro Multiuso Organizador com 2 Portas	'	'	'	'	'	https://shopee.com.br/product/1496599745/22098682157	https://s.shopee.com.br/50Sxup9mer
23399179230	Painel Para Tv 45 Polegadas De Parede Rack 2 Portas Moderno - T&T	'	'	'	'	'	https://shopee.com.br/product/1496599745/23399179230	https://s.shopee.com.br/4q9XiWAPzq
19198077013	Armario Espelheira Genova Com Porta	'	'	'	'	'	https://shopee.com.br/product/1496599745/19198077013	https://s.shopee.com.br/4fq7WDB3Kp
21499840500	Rack Gardênia Retro com Painel Space para TV até 32” - Cores	'	'	'	'	'	https://shopee.com.br/product/1496599745/21499840500	https://s.shopee.com.br/Lh8MFRY81
23693888897	Conjunto 2 Cadeiras Juncada E Mesa de Centro - E&A	'	'	'	'	'	https://shopee.com.br/product/1496599745/23693888897	https://s.shopee.com.br/BNi9wSBT0
23798567221	Rack De Tv Para Sala, Moderno Com Prateleiras Heitor para até 50 Polegadas	'	'	'	'	'	https://shopee.com.br/product/1496599745/23798567221	https://s.shopee.com.br/14HxdSonz
18298225602	Kit 2 Mesas De Cabeceira Com Gaveta Alice - Cores	'	'	'	'	'	https://shopee.com.br/product/1496599745/18298225602	https://s.shopee.com.br/1BGFLmONRE
23898819045	Mesa de Escritório em L Estilo Industrial 1,60mX1,20m E&A, Home Office Preto/Nature	'	'	'	'	'	https://shopee.com.br/product/1496599745/23898819045	https://s.shopee.com.br/10wp9TP0mD
23594371131	Mesa Home Office C/prateleiras De Metal E&A - Preto/Preto	'	'	'	'	'	https://shopee.com.br/product/1496599745/23594371131	https://s.shopee.com.br/qdOxAPe7C
22398400177	Churrasqueira Elétrica Top Grill I 127V E 220V	'	'	'	'	'	https://shopee.com.br/product/1496599745/22398400177	https://s.shopee.com.br/gJykrQHSB
22998676616	Kit Mesa de Cabeceira SAL Gaveta Retrô Com Cabeceira Luxuria Cama Queen 160CM	'	'	'	'	'	https://shopee.com.br/product/1496599745/22998676616	https://s.shopee.com.br/1qVw90Lq5Q
22598344130	Rack Bancada Gardénia Com Pés Retrô Moderno - Cores	'	'	'	'	'	https://shopee.com.br/product/1496599745/22598344130	https://s.shopee.com.br/1gCVwhMTQP
18199889561	Rack Bancada Abreu T&T 3 Portas com Pés Retro - Cores	'	'	'	'	'	https://shopee.com.br/product/1496599745/18199889561	https://s.shopee.com.br/1Vt5kON6lO
23198318196	Mesinha Computador Multiuso Escritorio Nina 1 Gaveta - Cor	'	'	'	'	'	https://shopee.com.br/product/1496599745/23198318196	https://s.shopee.com.br/1LZfY5Nk6N
23798389808	Churrasqueira Elétrica Top Grill II 127V E 220V	'	'	'	'	'	https://shopee.com.br/product/1496599745/23798389808	https://s.shopee.com.br/2VlcwEJIjc
23598681335	Conjunto Mesa Industrial e Livreiro Moderno - CORES	'	'	'	'	'	https://shopee.com.br/product/1496599745/23598681335	https://s.shopee.com.br/2LSCjvJw4b
23293837624	Rack Bancada Gardénia Com Pés Retrô Moderno - Cor	'	'	'	'	'	https://shopee.com.br/product/1496599745/23293837624	https://s.shopee.com.br/2B8mXcKZPa
58251165182	Mesinha Computador Multiuso Quarto Sala Escritório Star 70CM - Cores	'	'	'	'	'	https://shopee.com.br/product/1496599745/58251165182	https://s.shopee.com.br/20pMLJLCkZ
18399726441	Mesa De Centro Floripa Moderno - Cores	'	'	'	'	'	https://shopee.com.br/product/1496599745/18399726441	https://s.shopee.com.br/8V2q5FwSYq
22993965040	Painel Tv até 48 Polegadas Guaratuba - Cores	'	'	'	'	'	https://shopee.com.br/product/1496599745/22993965040	https://s.shopee.com.br/8KjPswx5tp
22699031717	Aparador Para TV Até 40 Polegadas Rack Life MDP Com Nicho E Prateleiras	'	'	'	'	'	https://shopee.com.br/product/1496599745/22699031717	https://s.shopee.com.br/8APzgdxjEo
18499777632	Mesa De Cabeceira Suspensa Para Quarto Com Gaveta Com Nicho	'	'	'	'	'	https://shopee.com.br/product/1496599745/18499777632	https://s.shopee.com.br/806ZUKyMZn
23194371020	Mesa Home Office C/prateleiras De Metal T&T - Preto/Bronze	'	'	'	'	'	https://shopee.com.br/product/1496599745/23194371020	https://s.shopee.com.br/9AIWsTtvD2
18199888642	Cabeceira Box Capitone Com Bau Organizador Casal 1.40mt - Antonella Para Quarto Luxuoso	'	'	'	'	'	https://shopee.com.br/product/1143657670/18199888642	https://s.shopee.com.br/AKUZSgvuKx
22792873767	Aparador Hall De Entrada Para Sala Cozinha Pequeno Estilo Industrial 76cm	'	'	'	'	'	https://shopee.com.br/product/1143657670/22792873767	https://s.shopee.com.br/9UvST9z51o
23097685674	Cama de Solteiro Articulada De Parede Quarto Que Vira Estante De MDF Resistente	'	'	'	'	'	https://shopee.com.br/product/1143657670/23097685674	https://s.shopee.com.br/9Kc2GqziMn
23093184147	Cama Articulável De Solteiro De MDF Para Quarto Sala Com Colchão D20	'	'	'	'	'	https://shopee.com.br/product/1143657670/23093184147	https://s.shopee.com.br/9pYIrlxoLu
22194333951	Painel De MDF Veneza De TV Até 50 Polegadas Suspenso De Parede Estante Para Sala	'	'	'	'	'	https://shopee.com.br/product/1143657670/22194333951	https://s.shopee.com.br/9fEsfSyRgt
22597590054	Cabeceira De Cama Casal King - Kit 10 módulos Todas As Cores	'	'	'	'	'	https://shopee.com.br/product/344446326/22597590054	https://s.shopee.com.br/AUnzmhZdcL
22898712858	Papel De Parede Adesivo Tijolo 5 metros Tijolinho Tons Bege Lavável	'	'	'	'	'	https://shopee.com.br/product/344446326/22898712858	https://s.shopee.com.br/9zrjBmbXdG
18199273157	Kit 8 Cabeceiras De Cama Casal Box - Queen 1,60m x 45 cm	'	'	'	'	'	https://shopee.com.br/product/344446326/18199273157	https://s.shopee.com.br/AAB9O5auIJ
18299326996	Kit 10 Cabeceiras Estofadas Cama Box King Size 2,00x45 CM	'	'	'	'	'	https://shopee.com.br/product/344446326/18299326996	https://s.shopee.com.br/W0dsKBhuS
42719252310	Papel de Parede Adesivo Decorativo Vinílico Pastilhas Pequenas em Tons Marrons e Branco	'	'	'	'	'	https://shopee.com.br/product/344446326/42719252310	https://s.shopee.com.br/LhDg1CLFR
20999203046	Ventilador Mondial 30cm Vsp 30 B 127v 60hz	'	'	'	'	'	https://shopee.com.br/product/359168917/20999203046	https://s.shopee.com.br/5q2YNmzK40
21599378249	Lava Louças Portátil LLPP Semi Automática - Praxis Eletrodomésticos	'	'	'	'	'	https://shopee.com.br/product/433856120/21599378249	https://s.shopee.com.br/5fj8BTzxOz
23492673226	Geladeira Consul 334L CRD37EB Cycle Defrost com Freezer Supercapacidade Branca	'	'	'	'	'	https://shopee.com.br/product/1009975506/23492673226	https://s.shopee.com.br/5VPhzB0ajy
22893986885	Geladeira Electrolux Frost Free 431L Efficient AutoSense Duplex Branca (TF70)	'	'	'	'	'	https://shopee.com.br/product/1526836548/22893986885	https://s.shopee.com.br/5L6Hms1E4x
22298342715	Geladeira Refrigerador HQ Defrost 290 Litros Preto e Cinza HQ-290RDF 220V	'	'	'	'	'	https://shopee.com.br/product/1388709282/22298342715	https://s.shopee.com.br/6VIFB0wmiC
23298514459	Geladeira Electrolux Cycle Defrost 260L Super Freezer Duplex Branca (DC35A)	'	'	'	'	'	https://shopee.com.br/product/1526836548/23298514459	https://s.shopee.com.br/6KyoyhxQ3B
58251141773	Geladeira Electrolux 380 Litros, Frost Free, AutoSense, Duplex, Branca - TF41	'	'	'	'	'	https://shopee.com.br/product/1630032069/58251141773	https://s.shopee.com.br/60Lya5ygj9
22893986842	Geladeira Electrolux Cycle Defrost 240L Degelo Prático Uma Porta Branca (RE31)	'	'	'	'	'	https://shopee.com.br/product/1526836548/22893986842	https://s.shopee.com.br/7AXvyEuFMO
23098948724	Geladeira Refrigerador HQ Defrost 290 Litros Preto e Cinza HQ-290RDF 110V	'	'	'	'	'	https://shopee.com.br/product/1215229492/23098948724	https://s.shopee.com.br/6pv5ZcvW2M
23294443132	Geladeira Refrigerador HQ Defrost 290 Litros Branco HQ-290RDF 110V	'	'	'	'	'	https://shopee.com.br/product/1215229492/23294443132	https://s.shopee.com.br/7pnclSri0a
23898696781	Geladeira Cycle Defrost Electrolux 240 Litros Degelo Prático Branco RE31 110V	'	'	'	'	'	https://shopee.com.br/product/1215229492/23898696781	https://s.shopee.com.br/7fUCZ9sLLZ
22394541568	Geladeira Consul Degelo Seco 263 Litros - CRA30MB	'	'	'	'	'	https://shopee.com.br/product/1243712796/22394541568	https://s.shopee.com.br/7VAmMqsygY
23393560547	Fogão Suggar Neo Glass 4 Bocas Inox FGVNG410 Bivolt	'	'	'	'	'	https://shopee.com.br/product/1009975506/23393560547	https://s.shopee.com.br/8V3JYgpAem
22298922606	Fogão Cooktop De Mesa Portátil A Gás 4 Bocas Braslar Acendimento Manual	'	'	'	'	'	https://shopee.com.br/product/1162719008/22298922606	https://s.shopee.com.br/8KjtMNpnzl
22996739228	Fogão Cooktop De Mesa Portátil A Gás 4 Bocas Braslar	'	'	'	'	'	https://shopee.com.br/product/1032355317/22996739228	https://s.shopee.com.br/8AQTA4qRKk
20899889849	Fogão 4 Bocas Atlas Atenas Glass Mesa de Vidro Preto Bivolt	'	'	'	'	'	https://shopee.com.br/product/864722805/20899889849	https://s.shopee.com.br/8072xlr4fj
41970811002	Cooktop Braslar Pop Gás 4 Bocas Mesa Vidro - Cor Preto	'	'	'	'	'	https://shopee.com.br/product/1334945356/41970811002	https://s.shopee.com.br/9AJ0LumdIy
19498143279	Cooktop Itatiaia Essencial 4 Bocas Preto – Bivolt 127V/220V com Acendimento Automático	'	'	'	'	'	https://shopee.com.br/product/1494297971/19498143279	https://s.shopee.com.br/8zza9bnGdx
22497621561	Fogão 4 Bocas Atlas Mônaco Top Glass  Acendimento Automático Preto	'	'	'	'	'	https://shopee.com.br/product/554629856/22497621561	https://s.shopee.com.br/8pg9xIntyw
23892882466	Fogão Cooktop De Mesa Portátil A Gás 4 Bocas Braslar Acendimento Manual	'	'	'	'	'	https://shopee.com.br/product/1162719008/23892882466	https://s.shopee.com.br/8fMjkzoXJv
18497690399	Fogão de Piso Itatiaia 4 Bocas Star Clean New | Acendimento Manual, Branco	'	'	'	'	'	https://shopee.com.br/product/822103155/18497690399	https://s.shopee.com.br/9pYh98k5xA
23605199742	Fogão Atlas 4 bocas preto com forno limpa fácil Coliseum Plus - Forno 50L	'	'	'	'	'	https://shopee.com.br/product/864722805/23605199742	https://s.shopee.com.br/9fFGwpkjI9
19098097846	Fogão Itatiaia 4 Bocas Star Clean New Branco	'	'	'	'	'	https://shopee.com.br/product/1388709282/19098097846	https://s.shopee.com.br/9UvqkWlMd8
22593687399	Fogão Suggar Neo Glass 4 Bocas Prix FGVNG410PRIX Inox Bivolt	'	'	'	'	'	https://shopee.com.br/product/1215229492/22593687399	https://s.shopee.com.br/9KcQYDlzy7
22893115680	Fogão 4 Bocas à Gás Itatiaia Star New Acendimento Automático e Forno Limpa Fácil Preto Bivolt	'	'	'	'	'	https://shopee.com.br/product/864885808/22893115680	https://s.shopee.com.br/9zs7LRjScJ
21799303630	Fogão 6 Bocas Itatiaia a Gás com Forno Waves com Acendimento Automático Branco	'	'	'	'	'	https://shopee.com.br/product/390327339/21799303630	https://s.shopee.com.br/LhbpgKGET
22393124939	Fogão de Piso 6 Bocas à Gás Itatiaia Waves com Acendimento Automático Branco Bivolt	'	'	'	'	'	https://shopee.com.br/product/864885808/22393124939	https://s.shopee.com.br/BOBdNKtZS
23499137082	Fogão Itatiaia Star New Piso 6 Bocas Preto Mesa de Inox Bivolt 3700000474	'	'	'	'	'	https://shopee.com.br/product/889973435/23499137082	https://s.shopee.com.br/14lR4LWuR
22098186144	Fogão Itatiaia Waves 6 Bocas Branco Bivolt 3700000002	'	'	'	'	'	https://shopee.com.br/product/1059412251/22098186144	https://s.shopee.com.br/1BGipDH5Xg
44900962375	Fogão 6 Bocas a Gás Itatiaia Star New com Acendimento Automático e Forno 82L Branco Bivolt	'	'	'	'	'	https://shopee.com.br/product/390327339/44900962375	https://s.shopee.com.br/10xIcuHisf
22193988286	Máquina de Lavar Roupas Philco 14Kg, 12 Lavagens, Cesto Aço Inox, Pés Niveladores Ajustáveis PLR14A	'	'	'	'	'	https://shopee.com.br/product/286347381/22193988286	https://s.shopee.com.br/gKSEIIzYd
23997743903	Máquina de Lavar Roupas 13Kg Brastemp BWK13 | Automática, Ciclo Tira Manchas, Branco	'	'	'	'	'	https://shopee.com.br/product/822103155/23997743903	https://s.shopee.com.br/1La91WGSCp
47304377135	Micro-Ondas Mondial MO-01-21-W 21 Litros Branco 127V 1200W Com Função Tira Odor	'	'	'	'	'	https://shopee.com.br/product/826682830/47304377135	https://s.shopee.com.br/2Vm6PfC0q4
22794554573	Micro-ondas Electrolux 20L cor Inox Espelhado com Função Tira Odor (MT30S)	'	'	'	'	'	https://shopee.com.br/product/1526836548/22794554573	https://s.shopee.com.br/2LSgDMCeB3
17934801158	Micro-ondas Mondial Mo 01 21 B Potencia 1200w 60hz 21 Litros	'	'	'	'	'	https://shopee.com.br/product/359168917/17934801158	https://s.shopee.com.br/2B9G13DHW2
23294017856	Micro-ondas Electrolux 20L Branco com Função Tira Odor e Descongelar (MTO30)	'	'	'	'	'	https://shopee.com.br/product/1526836548/23294017856	https://s.shopee.com.br/20ppokDur1
21297874783	Micro-ondas Philco 33L Pintura Limpa Fácil PM36	'	'	'	'	'	https://shopee.com.br/product/811034337/21297874783	https://s.shopee.com.br/30iN0aA6pF
23595807538	Micro-ondas 21 litros 1200W 10 níveis de potência - MO-01-21-W - Mondial	'	'	'	'	'	https://shopee.com.br/product/489001115/23595807538	https://s.shopee.com.br/2qOwoHAkAE
22299307385	Circulador De Ar 35cm 127V Ventimais | Ventilador Potente E Silencioso 3 Velocidades	'	'	'	'	'	https://shopee.com.br/product/1256577915/22299307385	https://s.shopee.com.br/3VedbV8CoQ
22098250266	Ventilador De Mesa 40cm Turbo Mondial140w 6 Pás Vt-40- 127v	'	'	'	'	'	https://shopee.com.br/product/1388199246/22098250266	https://s.shopee.com.br/4VXAnL4Ome
23698860115	Ventilador de mesa 30 cm 6 pás 3 velocidades - Turbo 6 Ventisol	'	'	'	'	'	https://shopee.com.br/product/489001115/23698860115	https://s.shopee.com.br/4LDkb2527d
23697387340	Ventilador De Coluna Chão Ventisol Osc.Turbo 6 Pas 50Cm 127V	'	'	'	'	'	https://shopee.com.br/product/369622909/23697387340	https://s.shopee.com.br/4AuKOj5fSc
23293847912	Ventilador de Coluna Mallory Éolo 6 Pás 126w Preto com Grafite	'	'	'	'	'	https://shopee.com.br/product/554629856/23293847912	https://s.shopee.com.br/40auCQ6Inb
22197514607	Ventilador de Mesa Prime Air Maxx Force 6 pás 60W AVTE01	'	'	'	'	'	https://shopee.com.br/product/811879342/22197514607	https://s.shopee.com.br/5AmraZ1rQq
23992641053	Ventilador Mondial Super Power VSP-40-B 40cm com 6 Pás 110v	'	'	'	'	'	https://shopee.com.br/product/359168917/23992641053	https://s.shopee.com.br/50TROG2Ulp
28290146896	Sanduicheira Grill 3 Em 1 Oliver Home Brunch Time Antiaderente - OliverHome	'	'	'	'	'	https://shopee.com.br/product/984950642/28290146896	https://s.shopee.com.br/4qA1Bx386o
23098806499	Sanduicheira Elétrica Cadence Click San400	'	'	'	'	'	https://shopee.com.br/product/300321309/23098806499	https://s.shopee.com.br/4fqaze3lRn
22992980720	Sanduicheira Grill Antiaderente Black 750w 127/220v	'	'	'	'	'	https://shopee.com.br/product/563110312/22992980720	https://s.shopee.com.br/5fj8BTzxQ0
23298470175	Grill Sanduicheira Cadence San260 Misteira Crepioca Tapioca Chapa Andiaderente Portátil Preto	'	'	'	'	'	https://shopee.com.br/product/300321309/23298470175	https://s.shopee.com.br/5L6Hms1E5y
58202121633	Sanduicheira Elétrica 2 em 1 Grill e Tostador 110V Antiaderente	'	'	'	'	'	https://shopee.com.br/product/800097091/58202121633	https://s.shopee.com.br/6KyoyhxQ4C
5889106389	Grill Sanduicheira Mallory 900W Inox Antiaderente Com Coletor Gordura	'	'	'	'	'	https://shopee.com.br/product/316869228/5889106389	https://s.shopee.com.br/6VIFB0wmjF
13309032907	Sanduicheira Elétrica e Grill Inox antiaderente - 750W - Mod: INBSW02 - In Brasil	'	'	'	'	'	https://shopee.com.br/product/373131534/13309032907	https://s.shopee.com.br/60Lya5ygkA
22396095321	Sanduicheira e Grill Britânia BGR27I Press 2 em 1 850W	'	'	'	'	'	https://shopee.com.br/product/811879342/22396095321	https://s.shopee.com.br/6fbfNJw9OM
20997388974	Grill e Sanduicheira Premium Mondial Preto e Inox 800W S-07	'	'	'	'	'	https://shopee.com.br/product/1062544851/20997388974	https://s.shopee.com.br/6pv5ZcvW3P
13409037256	Sanduicheira Elétrica e Grill 2 em 1 - Inox antiaderente - 750W - Mod: INBSW01	'	'	'	'	'	https://shopee.com.br/product/373131534/13409037256	https://s.shopee.com.br/7fUCZ9sLMa
18897998233	Omeleteira Elétrica Antiaderente Agratto 127V 220V 800W Mr. Cheff Dupla Redonda Preta Café da Manhã Cozinha Ovo Crepioca	'	'	'	'	'	https://shopee.com.br/product/1198426821/18897998233	https://s.shopee.com.br/7pnclSri1d
23893136540	Panela Elétrica Mangiare Antiaderente 30cm Quadrada 127V 220V 1500W Agratto Preto Tampa de Vidro Cozinha Legumes Carnes	'	'	'	'	'	https://shopee.com.br/product/1198426821/23893136540	https://s.shopee.com.br/7KrMAXtc2Y
21098957150	Panela Elétrica Mondial Pratic 6I PE-43-6X	'	'	'	'	'	https://shopee.com.br/product/1062544851/21098957150	https://s.shopee.com.br/7VAmMqsyhb
58200537987	Fritadeira Elétrica Air Fryer Amvox 12 L 1700 W Painel Digital Iluminação Suporte Frango 220v	'	'	'	'	'	https://shopee.com.br/product/988550717/58200537987	https://s.shopee.com.br/8V3JYgpAfp
22498814134	Fritadeira Inox DiamondTech Oster 7,5L com Visor Transparente	'	'	'	'	'	https://shopee.com.br/product/1573223607/22498814134	https://s.shopee.com.br/8072xlr4gk
22798642389	Fritadeira Sem Óleo AirFryer HQ 4,8 litros Preto HQ-AF4.8LMP	'	'	'	'	'	https://shopee.com.br/product/1388709282/22798642389	https://s.shopee.com.br/8AQTA4qRLn
23893692609	Fritadeira Ultra Digital 2 em 1 Inox 4,8L Oster com Painel Touch	'	'	'	'	'	https://shopee.com.br/product/1573223607/23893692609	https://s.shopee.com.br/8fMjkzoXKw
23094659004	Fritadeira Elétrica Forno Oven 12L Mondial AFON-12L-BI-BC - 110V	'	'	'	'	'	https://shopee.com.br/product/1617519379/23094659004	https://s.shopee.com.br/8pg9xIntzz
23594322741	Fritadeira Digital Clear Oster 4,6L com Visor Transparente	'	'	'	'	'	https://shopee.com.br/product/1573223607/23594322741	https://s.shopee.com.br/9fFGwpkjJA
22498702278	Fritadeira Elétrica Air Fryer Gaabor Duo Digital Touch sem Óleo 4.2L 127V/ 220V Preto	'	'	'	'	'	https://shopee.com.br/product/1304557411/22498702278	https://s.shopee.com.br/9pYh98k5yD
8020679826	Liquidificador Mondial L‑99 Turbo 550 W 3 Velocidades	'	'	'	'	'	https://shopee.com.br/product/359168917/8020679826	https://s.shopee.com.br/9KcQYDlzz8
23099169510	Kit Liquidificador 550W Turbo Power L-99-FB + Batedeira 400W Prática - B-44-B Mondial	'	'	'	'	'	https://shopee.com.br/product/489001115/23099169510	https://s.shopee.com.br/AKUxk3iBxM
23094017948	Liquidificador Electrolux 700w 1,5L Experience com Copo de Vidro e Tecnologia TruFlow™  Cor Inox Preto (EBS30)	'	'	'	'	'	https://shopee.com.br/product/1526836548/23094017948	https://s.shopee.com.br/AUoNwMhYcP
20399677352	Liquidificador Britânia 1400W 3,2L 12 Velocidades BLQE14A	'	'	'	'	'	https://shopee.com.br/product/811879342/20399677352	https://s.shopee.com.br/9zs7LRjSdK
40573559627	Liquidificador Oster 3,2 Litros 15 Velocidades Cinza 127V	'	'	'	'	'	https://shopee.com.br/product/1334945356/40573559627	https://s.shopee.com.br/AABXXkipIN
23293738131	Liquidificador Mondial Turbo 1200w 3L Inox L-1200 Preto	'	'	'	'	'	https://shopee.com.br/product/1462764140/23293738131	https://s.shopee.com.br/LhbpgKGFU
18775453273	Liquidificador Britânia BLQ970P Turbo 900W	'	'	'	'	'	https://shopee.com.br/product/811879342/18775453273	https://s.shopee.com.br/W121zJcuX
23597334946	Liquidificador Britânia BLQE01 2 copos 2,6L 900W	'	'	'	'	'	https://shopee.com.br/product/811879342/23597334946	https://s.shopee.com.br/14lR4LWvS
19397624077	Liquidificador Britânia Black 3 Velocidades 2,1L	'	'	'	'	'	https://shopee.com.br/product/811879342/19397624077	https://s.shopee.com.br/BOBdNKtaV
23492673226	Geladeira Consul 334L CRD37EB Cycle Defrost com Freezer Supercapacidade Branca	'	'	'	'	'	https://shopee.com.br/product/1009975506/23492673226	https://s.shopee.com.br/9fFJN3t3gv
22994633784	Fogão De Piso Atlas Coliseum Plus 4 Bocas Mesa Inox Forno 50 Litros Branco Bivolt	'	'	'	'	'	https://shopee.com.br/product/832653363/22994633784	https://s.shopee.com.br/70EYF1O2Kn
18999552810	Fogão De Piso Atlas 4 Bocas Mônaco Top Glass Preto Bivolt	'	'	'	'	'	https://shopee.com.br/product/1215229492/18999552810	https://s.shopee.com.br/6pv82iOffm
58201136965	Fogão a Gás de Piso 4 Bocas Atlas Mônaco Top Glass Mesa de Vidro	'	'	'	'	'	https://shopee.com.br/product/1630032069/58201136965	https://s.shopee.com.br/6fbhqPPJ0l
46004998216	Micro-Ondas 20L MasterCook  Midea Branco 127v MHP20B1 1050W Função Baby Care	'	'	'	'	'	https://shopee.com.br/product/826682830/46004998216	https://s.shopee.com.br/7pnfEYKre0
23294017856	Micro-ondas Electrolux 20L Branco com Função Tira Odor e Descongelar (MTO30)	'	'	'	'	'	https://shopee.com.br/product/1526836548/23294017856	https://s.shopee.com.br/7fUF2FLUyz
22294247108	Fogão 4 Bocas Branco com Mesa Inox Dako Novo Supreme Bivolt	'	'	'	'	'	https://shopee.com.br/product/864840659/22294247108	https://s.shopee.com.br/6AfUq3ruTU
22394237276	Fogão 4 Bocas Dako Supreme Glass Mesa de Vidro Branco Bivolt	'	'	'	'	'	https://shopee.com.br/product/864840659/22394237276	https://s.shopee.com.br/60M4dksXoT
23994191678	Fogão 4 Bocas Branco Com Mesa Inox Atlas Agile Up Bivolt	'	'	'	'	'	https://shopee.com.br/product/1215229492/23994191678	https://s.shopee.com.br/6VILEfqdna
23996067952	Luminária Led Mosquiteiro Sem Radiação Armadilha De Insetos Repelente Eletrônico UV Envio Imediato	'	'	'	'	'	https://shopee.com.br/product/872424585/23996067952	https://s.shopee.com.br/9zrvKgh06w
40500564432	Repelente Ultrassônico De Mosquitos , Assassino Eletrônico Doméstico Armadilha Para Baratas De Ratos	'	'	'	'	'	https://shopee.com.br/product/1006215031/40500564432	https://s.shopee.com.br/AABLWzgMlz
22198097400	Removedor De Cutículas E Lixa Eletrônica Portátil Lixadeira Unha Elétrica Profissional ROXA PACOTE	'	'	'	'	'	https://shopee.com.br/product/1103280964/22198097400	https://s.shopee.com.br/8KjhLcnLUe
20297809108	Baba Eletrônica Com Monitor Visão Noturna, Câmera c/ Audio Sensor de Temperatura  ANJGG	'	'	'	'	'	https://shopee.com.br/product/391739739/20297809108	https://s.shopee.com.br/8V37Xvmi9h
18399572456	Kit Babá Eletrônica Câmera Sem Fio Visão Noturna Infravermelho	'	'	'	'	'	https://shopee.com.br/product/997025684/18399572456	https://s.shopee.com.br/806qx0ocAc
21297345554	Protetor Contra Raios Descargas Picos de energia para Eletrodomésticos ORIGINAL	'	'	'	'	'	https://shopee.com.br/product/676722353/21297345554	https://s.shopee.com.br/8AQH9Jnypf
23393584605	INOVA Wifi Babá Eletrônica Câmera segurança Sem Fio Visão Noturna 1080P 360° Câmera audio YOOSEE	'	'	'	'	'	https://shopee.com.br/product/1377040316/23393584605	https://s.shopee.com.br/8zzO8qko8q
22897648675	Balança Humana Digital Eletrônica Até 180kg Vidro Temperado	'	'	'	'	'	https://shopee.com.br/product/536770480/22897648675	https://s.shopee.com.br/9AIoL9kAnt
20098316406	Suporte de Babá Eletrônica Para Berço Universal Ajustável Flexível Monitor Bebê	'	'	'	'	'	https://shopee.com.br/product/793581011/20098316406	https://s.shopee.com.br/8fMXkEm4oo
23694084665	Cadeira de jogo profissional Ergonomia Altura ajustável Cadeira de esportes eletrônicos F19	'	'	'	'	'	https://shopee.com.br/product/1217782773/23694084665	https://s.shopee.com.br/8pfxwXlRTr
26886660540	Caneta De Ferro De Solda Elétrica Recarregável USB 510 Rosca, Ferramenta De Soldagem Eletrônica Portátil De 1100m	'	'	'	'	'	https://shopee.com.br/product/426921557/26886660540	https://s.shopee.com.br/1qWDbgC5gW
19999775801	Cadeira de Jogo Profissional Ergonômica Dobrável - Cadeira de Esportes Eletrônicos com Suporte Estável F19	'	'	'	'	'	https://shopee.com.br/product/1526753256/19999775801	https://s.shopee.com.br/1gCnPNCj1V
19497632018	Suporte para prender câmera babá eletrônica Universal Compatível com Bay Monitor, TakTark,	'	'	'	'	'	https://shopee.com.br/product/1068861769/19497632018	https://s.shopee.com.br/1VtND4DMMU
22293734622	Balança Eletrônica De 50kg Digital De 10g Bolso Mala De Viagem Bagagem Ferramenta De Peso De marisa	'	'	'	'	'	https://shopee.com.br/product/400311012/22293734622	https://s.shopee.com.br/1LZx0lDzhT
23597775846	Isqueiro Preto Usb Recarregável Eletrônico Rechargeable Acendedor Esqueiro Usb	'	'	'	'	'	https://shopee.com.br/product/333169137/23597775846	https://s.shopee.com.br/2VluOu9YKi
40763701310	[EL] Relógio De Quartzo Para Carro , Eletrônico Luminoso À Prova D'água Motocicleta Painel De Novo	'	'	'	'	'	https://shopee.com.br/product/303758430/40763701310	https://s.shopee.com.br/2LSUCbABfh
18554360453	10 Velas Eletrônicas Led Lindas Decorativas, Festa, Casamento, Decoração	'	'	'	'	'	https://shopee.com.br/product/530370669/18554360453	https://s.shopee.com.br/2B940IAp0g
42124783696	Bateria CR2032/CR2016/CR2025 3V Com 5 Unidades para Relógio, Controle e Eletrônicos	'	'	'	'	'	https://shopee.com.br/product/1073402143/42124783696	https://s.shopee.com.br/20pdnzBSLf
22697705063	Cofre Eletrônico Digital Escritorio Teclado Senha e Chave 31x20x20 Preto	'	'	'	'	'	https://shopee.com.br/product/1177369665/22697705063	https://s.shopee.com.br/W0q1EHAOO
23798656613	Kit 3 Controles Remoto Compatível 433Mhz Portão Eletrônico Garagem com Chaveiro	'	'	'	'	'	https://shopee.com.br/product/1454172785/23798656613	https://s.shopee.com.br/LhPovHnjN
22893974272	Carregador IPhone Original Completo Turbo 20w iphone 11 12 12 13 14 Promax X  Xr Xs	'	'	'	'	'	https://shopee.com.br/product/1106768298/22893974272	https://s.shopee.com.br/BNzccIR4M
26925383373	4 Lâmpadas LED Sem Fio Adesivo Para Interior Do Carro Com Controle Remoto Luz Ambiente Decoração Automática Pé Teto Bateria	'	'	'	'	'	https://shopee.com.br/product/1006215031/26925383373	https://s.shopee.com.br/14ZQJJ4PL
22798925330	Bolinha Eletrônica Para Cachorro Brincar Movimento Automatico Recarregavel USB	'	'	'	'	'	https://shopee.com.br/product/1127030290/22798925330	https://s.shopee.com.br/1BGWoSEd2a
19148986380	Protetor Eletrônico Para Computador 1000 Va Bi Volt 110/220v Mais Potente	'	'	'	'	'	https://shopee.com.br/product/708979290/19148986380	https://s.shopee.com.br/10x6c9FGNZ
19397524495	Controle Velocidade Dimmer Sobrepor Ventilador Parede Oscilante BR (02-07)	'	'	'	'	'	https://shopee.com.br/product/592415721/19397524495	https://s.shopee.com.br/qdgPqFtiY
23098793254	Kit 2 Acendedor De Fogao Eletrônico Plasma Recarregavel Usb	'	'	'	'	'	https://shopee.com.br/product/1362302335/23098793254	https://s.shopee.com.br/gKGDXGX3X
58202965088	Lixeira Automática Inteligente 17/20 Litros Anti Odor Sensor Banheiro Cozinha Casa Escritorio.XHL_ELETRONICOS	'	'	'	'	'	https://shopee.com.br/product/401368869/58202965088	https://s.shopee.com.br/4VWyma1wHI
22725397007	Chuveiro Eletrônico Ducha Loren Shower Ultra Lorenzetti 127v 5500w Branco	'	'	'	'	'	https://shopee.com.br/product/939334135/22725397007	https://s.shopee.com.br/4LDYaH2ZcH
22098937507	Projetor 4K HD 150 Polegadas Celular, Tv B0x, Xbox, PS, Pc, Wifi HY300 Pro Magcubic Envio Imediato_XHL ELETRONICO	'	'	'	'	'	https://shopee.com.br/product/401368869/22098937507	https://s.shopee.com.br/4Au8Ny3CxG
23498103147	0,1g/500g Balança Eletrônica Precisa De Precisão Função De Calibração Portátil Display Ultra Claro	'	'	'	'	'	https://shopee.com.br/product/1142052307/23498103147	https://s.shopee.com.br/40aiBf3qIF
23297832139	Mostrador Meteorológico Do Calendário Relógio Digital LED De Alarme Luz De Fundo Soneca Monitor De Temperatura Eletrônico De Mesa	'	'	'	'	'	https://shopee.com.br/product/413695571/23297832139	https://s.shopee.com.br/5AmfZnzOvU
24542776381	Nova Moda Relógio Eletrônico Para Homens-Esportivo Luminoso Multifuncional Adolescentes E Estudantes Sem Caixa	'	'	'	'	'	https://shopee.com.br/product/1006215031/24542776381	https://s.shopee.com.br/50TFNV02GT
23493616222	Kit Jogo de Alicates p/ Corte Eletrônico Artesanato & Bijuterias 3 Peças	'	'	'	'	'	https://shopee.com.br/product/769330755/23493616222	https://s.shopee.com.br/4q9pBC0fbS
22497565523	Limpa Contato eletrônico circuito placas eletrônicas Remove oxidação Elimina mau contato Spray 300ml	'	'	'	'	'	https://shopee.com.br/product/1248952572/22497565523	https://s.shopee.com.br/4fqOyt1IwR
22993149603	Cofre Digital Eletrônico Puxador Notas Moedas Automático	'	'	'	'	'	https://shopee.com.br/product/526615488/22993149603	https://s.shopee.com.br/3B1bC870zA
22593164221	Cofre Digital Eletrônico Puxador Notas Moedas Automático	'	'	'	'	'	https://shopee.com.br/product/1127030290/22593164221	https://s.shopee.com.br/30iAzp7eK9
23898218075	Kit Porteiro Interfone Eletronico HLG som alto bivolt	'	'	'	'	'	https://shopee.com.br/product/1463927885/23898218075	https://s.shopee.com.br/2qOknW8Hf8
43175172815	Salorie Microscópio Portátil 100X HD Lupa Digital Para Pele Couro Cabeludo Análise Reparação Eletrônica	'	'	'	'	'	https://shopee.com.br/product/283687643/43175172815	https://s.shopee.com.br/2g5KbD8v07
22494498813	Protetor Eletrônico Bivolt 500VA com DPS e Chave Rearmável Contra Surtos Elétricos e Picos de Tensão	'	'	'	'	'	https://shopee.com.br/product/1648607517/22494498813	https://s.shopee.com.br/3qHHzM4TdM
23393574070	Kit 2x Vela Led Com Movimento Chama Eletrônica Com Pilha Lampada Decorativa Natal Eventos	'	'	'	'	'	https://shopee.com.br/product/294602625/23393574070	https://s.shopee.com.br/3fxrn356yL
22394320485	Kit CR2016 CR2025 CR2032 3V com 5 Unidades para Relógio, Controle e Eletrônicos	'	'	'	'	'	https://shopee.com.br/product/1384675821/22394320485	https://s.shopee.com.br/3VeRak5kJK
23597905148	Kit 3 Lâmpadas De Vela Led Eletrônica Decoração Festa	'	'	'	'	'	https://shopee.com.br/product/479274697/23597905148	https://s.shopee.com.br/3LL1OR6NeJ
20299177225	Kit  Alicates Bijuteria Semijoia Artesanato Pesca Pinças Eletrônica	'	'	'	'	'	https://shopee.com.br/product/381126578/20299177225	https://s.shopee.com.br/7AXjxTrms4
27653040231	Interior Do Carro LED Sensor Luz USB Recarregável Interruptor De Toque Lâmpada Ambiente Sem Fio	'	'	'	'	'	https://shopee.com.br/product/1006215031/27653040231	https://s.shopee.com.br/70EJlAsQD3
23196669938	24 Conjuntos Vela Led Eletrônica Amarela Linda Decorativa Com Baterias/Festa/Casamento/Decoração	'	'	'	'	'	https://shopee.com.br/product/1003085235/23196669938	https://s.shopee.com.br/6putYrt3Y2
22694066991	Caixa de som ,modelo Alaxe Echo Dot 5 Pro Max com comando de voz através app da Amazon e bluetooth-Cores Disponíveis	'	'	'	'	'	https://shopee.com.br/product/1531826276/22694066991	https://s.shopee.com.br/4q9pGiGZw6
21899603945	Caixa de Som Bluetooth Portátil Com Led RGB Tws Usb Sd Para Praia, Festa ou Viagem	'	'	'	'	'	https://shopee.com.br/product/717396632/21899603945	https://s.shopee.com.br/4fqP4PHDH5
22098306383	Caixa de Som Amplificada Mondial Função Karaokê Bluetooth Radio FM CM-250 Bivolt	'	'	'	'	'	https://shopee.com.br/product/1272600089/22098306383	https://s.shopee.com.br/5q2MSYCluK
22698306845	Caixinha De Som G-speaker smart station Carregador Indução Sem Fio Multifunçao Altofalante Bluetooth pra iphone e androi	'	'	'	'	'	https://shopee.com.br/product/1384072589/22698306845	https://s.shopee.com.br/5fiwGFDPFJ
21599194714	Caixa De Som Bluetooth Portátil RGB Potente TWS USB Estéreo 30/50W Para Praia, Festa ou Viagem-Xtrad	'	'	'	'	'	https://shopee.com.br/product/717396632/21599194714	https://s.shopee.com.br/5VPW3wE2aI
24197923060	Caixa Som Bluetooth Jbl Boombox 3 Grave Forte Bivolt 180W Rms	'	'	'	'	'	https://shopee.com.br/product/359168917/24197923060	https://s.shopee.com.br/5L65rdEfvH
23998779906	Inova caixa de som bluetooth tws Luz RGB Xtreme 4 Pen Drive FM Tipo-C Resistente A Água IPX6 Caixinha de Som Boombox	'	'	'	'	'	https://shopee.com.br/product/1573953914/23998779906	https://s.shopee.com.br/6VI3FmAEYW
23097635238	Fone De Ouvido Sem  Fio Xiaomi Redmi Airdots 2 Preto	'	'	'	'	'	https://shopee.com.br/product/1142052307/23097635238	https://s.shopee.com.br/6Kyd3TArtV
23293949277	A9 Pro ANC Fone De Ouvido Sem Fio Com Tela Sensível Ao Toque Fones Para Jogos Cancelamento De Ruído	'	'	'	'	'	https://shopee.com.br/product/378597608/23293949277	https://s.shopee.com.br/6AfCrABVEU
29058857695	Lenovo GM2 PRO Fone de ouvido para jogos de baixa latência Cancelamento inteligente de ruído	'	'	'	'	'	https://shopee.com.br/product/1022889520/29058857695	https://s.shopee.com.br/60LmerC8ZT
40951426934	Mini Pro4 TWS Bluetooth Fone De Ouvido Compacto Portátil Controle Toque Estéreo Cancelamento Ruído Fones Esporte	'	'	'	'	'	https://shopee.com.br/product/1006215031/40951426934	https://s.shopee.com.br/7AXk307hCi
22994148459	Microfone Lapela Sem Fio Duplo Kaidi Profissional Portátil Imã Redondo Anti Ruído Tipo C iPhone Gravação Celular	'	'	'	'	'	https://shopee.com.br/product/1183719086/22994148459	https://s.shopee.com.br/70EJqh8KXh
18997999131	Fone De Ouvido NOVO Ruído Cancelando Earbuds Bluetooth Sem Fio HiFi Stereo Com Carregamento De Visor Digital JIMMY	'	'	'	'	'	https://shopee.com.br/product/1127030290/18997999131	https://s.shopee.com.br/6puteO8xsg
18198763923	Fone De Ouvido Headset Gamer com Fio Profissional Preto Led Rgb PC USB P2/P3 XBOX PS4 Vídeogame	'	'	'	'	'	https://shopee.com.br/product/473616631/18198763923	https://s.shopee.com.br/6fbTS59bDf
21299360147	TWS M25 Fone De Ouvido bluetooth 5.3 Sem Fio Resistente a água Stereo Sports Earbuds LED Microphone	'	'	'	'	'	https://shopee.com.br/product/1127030290/21299360147	https://s.shopee.com.br/7pnQqE59qu
21614467468	Processador De Audio Digital Equalizado 2448 Stx2448 Stetsom	'	'	'	'	'	https://shopee.com.br/product/411060907/21614467468	https://s.shopee.com.br/7fU0dv5nBt
22697988854	Fones de ouvido sem fio Bluetooth Ear-Hook 5.4 Mini fones de ouvido estéreo para Android Ios -B4	'	'	'	'	'	https://shopee.com.br/product/1241281618/22697988854	https://s.shopee.com.br/7VAaRc6QWs
16434664635	Rádio Retrô Vintage AM FM com entrada Aux P2 Pen Drive MP3 Usb XDG-20 XTRAD	'	'	'	'	'	https://shopee.com.br/product/717396632/16434664635	https://s.shopee.com.br/7KrAFJ73rr
23497472685	Caixa De Som C/ Microfones Karaokê Brincadeiras em Família	'	'	'	'	'	https://shopee.com.br/product/1072624004/23497472685	https://s.shopee.com.br/8V37dS2cV6
20997010834	WS-858 - Microfone Infantil de Karaoke Microfone de Brinquedo Sem Fio Bluetooth	'	'	'	'	'	https://shopee.com.br/product/441222226/20997010834	https://s.shopee.com.br/8KjhR93Fq5
24380200845	Adaptador HDMI Para 3RCA AV DVD E Projetor Com Conversor De Componentes De Áudio Vídeo	'	'	'	'	'	https://shopee.com.br/product/1006215031/24380200845	https://s.shopee.com.br/8AQHEq3tB4
23698065593	Headset Fone Gamer Led RGB com microfone USB e P2 Para PC Computador Headphone Videogame	'	'	'	'	'	https://shopee.com.br/product/998773037/23698065593	https://s.shopee.com.br/806r2X4WW3
21798139794	Fone XiaoMi Bluetooth Sem Fio Wireless Redmi Airdots 2 pro TWS M10 Bluetooth Com Led	'	'	'	'	'	https://shopee.com.br/product/1515741369/21798139794	https://s.shopee.com.br/9AIoQg059I
19199870733	INOVA Caixa De Som Som Estéreo De Alta Fidelidade Tws Party Ipx6 Speaker Kit caixa de som bluetooth portátil	'	'	'	'	'	https://shopee.com.br/product/1339065761/19199870733	https://s.shopee.com.br/8zzOEN0iUH
22397087934	Microfones Sem Fio Uhf Duplo Profissional Digital  Recarregável EL-5006	'	'	'	'	'	https://shopee.com.br/product/1098566385/22397087934	https://s.shopee.com.br/8pfy241LpG
22492029557	Caixa De Som Led Luminária Bluetooth Alto Falante Carregador Sem Fio Lâmpada Mesa RGB Alarme Relógio	'	'	'	'	'	https://shopee.com.br/product/398664690/22492029557	https://s.shopee.com.br/8fMXpl1zAF
18299589357	Caixa de Som Boombox Plus AIWA Bluetooth IP66 Preta, Azul e Camuflada	'	'	'	'	'	https://shopee.com.br/product/445820015/18299589357	https://s.shopee.com.br/9pYVDtxXnU
18699199999	Luminária Rgb Caixa Som G Speaker Carregador Indução Relógio	'	'	'	'	'	https://shopee.com.br/product/1006863047/18699199999	https://s.shopee.com.br/9fF51ayB8T
23892730833	Kit 2 Microfones Dinâmico Sem Fio Profissional Recarregável Uhf para Karaokê	'	'	'	'	'	https://shopee.com.br/product/1264631014/23892730833	https://s.shopee.com.br/9UvepHyoTS
23394382872	Fone de Ouvido com Fio Reforçado Alta Qualidade Fones Graves Fortes	'	'	'	'	'	https://shopee.com.br/product/430976507/23394382872	https://s.shopee.com.br/9KcEcyzRoR
23097269406	Headphone QCY H3 ANC Fone Sem Fio Bluetooth 5.3 Hi-Res, 60h Reprodução, Multiponto	'	'	'	'	'	https://shopee.com.br/product/834896989/23097269406	https://s.shopee.com.br/AUoC17v0Rg
45851624872	 Lenovo GM2 PRO Fones de Ouvido Bluetooth à Prova d'Água Fones de Ouvido com Latência Baixa Qualidade Sonora HIFI no	'	'	'	'	'	https://shopee.com.br/product/1006215031/45851624872	https://s.shopee.com.br/AKUloovdmf
23493917995	VEDO Misturador Mini Mixer De Áudio Portátil 12/8/7 Canais Mixer de placa de som com Bluetooth USB para Música Podcast	'	'	'	'	'	https://shopee.com.br/product/1403040620/23493917995	https://s.shopee.com.br/AABLcVwH7e
23498401409	Caixa De Som Radio Retro Vintage Com Pilha Recarregavel Portatil Bluetooth USB FM Lanterna Caxinha	'	'	'	'	'	https://shopee.com.br/product/998773037/23498401409	https://s.shopee.com.br/9zrvQCwuSd
21799205940	Radio Retro  bluetooth ,entrada usb,microsd lanterna e sainda auxiliar AD-3199	'	'	'	'	'	https://shopee.com.br/product/883941882/21799205940	https://s.shopee.com.br/LhPuRXi4m
27877882262	VEDO AK-55 Bluetooth 5.0 HiFi Stereo Digital Audio Amplifier Receiver for Home Speakers (4-16Ω) System 600W Dual Channel	'	'	'	'	'	https://shopee.com.br/product/1281436474/27877882262	https://s.shopee.com.br/W0q6kX4jp
23993897842	TEYUN 4/3 Canais Mixer De Áudio NA4 A3 Console De Mixagem De Som Portátil Profissional Entrada de computador Para Música	'	'	'	'	'	https://shopee.com.br/product/1403040620/23993897842	https://s.shopee.com.br/14ZVpYykk
20697869739	Fone De Ouvido bluetooth 5.1 M10 Sem Fio tws Estéreo Com Pod Carregador  marisa	'	'	'	'	'	https://shopee.com.br/product/400311012/20697869739	https://s.shopee.com.br/BNzi8YLPn
22195722776	Fone de ouvido Sem fio Bluetooth estéreo alta fidelidade super bass qualcomm chip hd mic P9	'	'	'	'	'	https://shopee.com.br/product/362859393/22195722776	https://s.shopee.com.br/10x6hfVAiy
3270158129	Pedestal de Microfone com Cachimbo Para Microfone com Fio ou Sem Fio	'	'	'	'	'	https://shopee.com.br/product/359184743/3270158129	https://s.shopee.com.br/1BGWtyUXO1
22398959086	Mini Gravador de Voz Som Digital Espião 96h  Micro Escuta Profissional Mpmax	'	'	'	'	'	https://shopee.com.br/product/912546166/22398959086	https://s.shopee.com.br/gKGJ3WROw
23094350106	Caixa de Som JBL Boombox 4 Bluetooth 210W Preta Bivolt	'	'	'	'	'	https://shopee.com.br/product/1101261117/23094350106	https://s.shopee.com.br/qdgVMVo3z
21296971156	Lampada Musical Caixa Som Bluetooth Led Rgb Com Controle	'	'	'	'	'	https://shopee.com.br/product/1002708375/21296971156	https://s.shopee.com.br/1gCnUtSdNA
22994423381	Basike 200W Caixa de Som Bluetooth Portátil GRANDE Subwoofers IPX6 TWS - SD AUX Boombox Ba-RAD304	'	'	'	'	'	https://shopee.com.br/product/1338454963/22994423381	https://s.shopee.com.br/1qWDhCS02D
44025316655	Alaxe5 Geração Alto Falante Original Envio Imediato Melhor Preço TUDO AQUI	'	'	'	'	'	https://shopee.com.br/product/1378634963/44025316655	https://s.shopee.com.br/1LZx6HTu38
22194037939	Caixa de Som Bluetooth Potente Com 4 Alto Falantes 30W Soundbar PC Notebook TV	'	'	'	'	'	https://shopee.com.br/product/883941882/22194037939	https://s.shopee.com.br/2LSUI7Q61M
23397376879	ALEXA ECHO POP ORIGINAL AMAZON	'	'	'	'	'	https://shopee.com.br/product/742462341/23397376879	https://s.shopee.com.br/2VluUQPSgP
18898296677	Caixa de Som WAAW Hyperboom 1000 180W RMS de Potência A prova D’água Proteção IPX7 12 Horas	'	'	'	'	'	https://shopee.com.br/product/1101261117/18898296677	https://s.shopee.com.br/20pdtVRMhK
24984091291	Gravador De Voz Profissional De 8GB Mini Dictafone De Áudio Digital	'	'	'	'	'	https://shopee.com.br/product/1006215031/24984091291	https://s.shopee.com.br/2B945oQjMN
22792641876	Astgn X Basike Fone de Ouvido Sem Fio Bluetooth Alto Falante Headphone Viva Voz Potente Grave	'	'	'	'	'	https://shopee.com.br/product/992612253/22792641876	https://s.shopee.com.br/30iB5LNYfY
49202687987	VEDO AK45Pro Amplificador Estéreo De áudio Doméstico Bluetooth 400W Com Remoto 2 Canais Para Alto-falantes Bivolt	'	'	'	'	'	https://shopee.com.br/product/1403040620/49202687987	https://s.shopee.com.br/3B1bHeMvKb
27257973917	Leitor De MP3 Portátil , Tela Digital , Suporte Para 128GB , Bluetooth , MP4/MP3 , Rádio FM Sem Perdas , Walkman	'	'	'	'	'	https://shopee.com.br/product/1006215031/27257973917	https://s.shopee.com.br/2g5KgjOpLW
22597977395	Central Multimídia Universal Mp5 Bt 1 Din 7 Pol Espelha Dvd	'	'	'	'	'	https://shopee.com.br/product/1040381727/22597977395	https://s.shopee.com.br/2qOkt2OC0Z
19999850206	Câmera Portátil Mini Grampo Traseiro WiFi Visualização Remota Gravadores de vídeo HD 1080P	'	'	'	'	'	https://shopee.com.br/product/447393034/19999850206	https://s.shopee.com.br/3fxrsZL1Jk
20199850199	Mini Câmera Corporal De Visão Noturna Infravermelha Vídeo Digital Portátil	'	'	'	'	'	https://shopee.com.br/product/1541994310/20199850199	https://s.shopee.com.br/3qHI4sKNyn
29831252185	1080P HD Mini Câmera De Bolso Gravador De Áudio E Vídeo Inteligente Caneta Filmadora Para Casa Escritório	'	'	'	'	'	https://shopee.com.br/product/1139285351/29831252185	https://s.shopee.com.br/3LL1TxMHzi
18386940748	1080P Mini Câmeras De Vigilância Plug De Parede Com Carregador Sem Fio USB Vídeo Portáteis US/EU Video Recorder Body Cam	'	'	'	'	'	https://shopee.com.br/product/1139285351/18386940748	https://s.shopee.com.br/3VeRgGLeel
28680273686	Astgn X Basike Gravação de ultra alta definição 4K suporta vídeo e fotografia, AFlente de zoom	'	'	'	'	'	https://shopee.com.br/product/992612253/28680273686	https://s.shopee.com.br/4LDYfnITxw
22895705510	1080P Mini-Câmera Oculta Relógio Sem Fio WIFI Micro De Vídeo Digital Com Alarme Noturno IR Pequena DVR , NO 2K/4K	'	'	'	'	'	https://shopee.com.br/product/562781884/22895705510	https://s.shopee.com.br/4VWys6Hqcz
26962367011	Caneta Espião Câmera dvr caneta mini câmera 1080p gravador de vídeo digital dv gravador de voz portá	'	'	'	'	'	https://shopee.com.br/product/689994516/26962367011	https://s.shopee.com.br/40aiHBJkdu
23898342462	Mini Câmera Portátil Corporal De Visão Noturna Infravermelha Gravador Vídeo Digital Esportiva Câmeras de Ação	'	'	'	'	'	https://shopee.com.br/product/290156715/23898342462	https://s.shopee.com.br/4Au8TUJ7Ix
29850757080	2024 1080P Mini Câmera HD De Vídeo Óculos De Gravação De Condução De Ciclismo Inteligentes Com Para Exterior	'	'	'	'	'	https://shopee.com.br/product/1139285351/29850757080	https://s.shopee.com.br/5AmffKFJHB
41407923891	TIMEKEY HD 1080P Mini Câmera Portátil Gravador De Vídeo Digital Usado Pequeno Corpo Cam Visão Noturna Infravermelha Espo	'	'	'	'	'	https://shopee.com.br/product/242910449/41407923891	https://s.shopee.com.br/4fqP4PHDI6
26176671734	Mini Câmera HD 1080p Com Tela LCD Interior Casa Esporte Ao Ar Livre Portátil Vintage Pequena Filmadora Gravador De Vídeo	'	'	'	'	'	https://shopee.com.br/product/612062570/26176671734	https://s.shopee.com.br/4q9pGiGZx9
11435921660	Mini Câmera Wi-Fi, Câmera De Segurança Full Hd 4k 1080p Filmadora, Xd Night Vision Micro Cam Gravação Em Loop De Vídeo De Detecção De Movimento	'	'	'	'	'	https://shopee.com.br/product/217308521/11435921660	https://s.shopee.com.br/5fiwGFDPGK
25653176386	Mini Relógio Câmera HD 1080P WIFI Control Alarme Secreto De Visão Noturna IR DVR De Vídeo Gravador Segurança De	'	'	'	'	'	https://shopee.com.br/product/1139285351/25653176386	https://s.shopee.com.br/5VPW3wE2bL
18472902508	Mini Câmera De Vídeo Câmera Digital DV HD 1080P De 270 Graus Rotação Leve 6MP Profissional HD 2.0 Polegadas Tela LCD	'	'	'	'	'	https://shopee.com.br/product/269609327/18472902508	https://s.shopee.com.br/6Kyd3TAruW
24475124424	2024 Novo 1080P Wearable DV Camera Watch Wristband Gravador De Vídeo De Áudio Pulseira Smart Band Câmera Esportiva Vestível Foto	'	'	'	'	'	https://shopee.com.br/product/562781884/24475124424	https://s.shopee.com.br/6VI3FmAEZZ
27280277253	2025NEW 1080P HD Mini Câmera Wifi IP CCTV Relógio De Parede De Segurança Doméstica Nanny Gravador De Vídeo Com Detecção 	'	'	'	'	'	https://shopee.com.br/product/562781884/27280277253	https://s.shopee.com.br/60LmerC8aU
23204912917	Câmera de Vídeo Wi-Fi Full HD iM4 C c/ MicroSD 32GB	'	'	'	'	'	https://shopee.com.br/product/859766415/23204912917	https://s.shopee.com.br/6AfCrABVFX
24270186405	HD 1080P Mini Câmera Gravador De Vídeo De Voz Digital Visão Noturna De Corpo Em Ângulo Amplo Gravação De Loop De DV Pequena	'	'	'	'	'	https://shopee.com.br/product/1139285351/24270186405	https://s.shopee.com.br/70EJqh8KYi
23493548738	Câmera De Trilha Espera Trap Noturna Ceva Vídeo Full Hd (Armadilha Fotográfica)	'	'	'	'	'	https://shopee.com.br/product/484072151/23493548738	https://s.shopee.com.br/7AXk307hDl
19499704506	Câmera Armadilha Caça Visão Noturna Fullhd Foto E Vídeo	'	'	'	'	'	https://shopee.com.br/product/376150146/19499704506	https://s.shopee.com.br/6fbTS59bEg
22698533255	Babá Eletrônica Câmera Portátil Com Monitor Vídeo Colorido Baby	'	'	'	'	'	https://shopee.com.br/product/656114390/22698533255	https://s.shopee.com.br/6puteO8xtj
52153879281	1080P HD Mini Câmera Wi-Fi Casa Inteligente Gravador De Vídeo IR Visão Noturna Segurança Micro Bateria De Energia Embuti	'	'	'	'	'	https://shopee.com.br/product/562781884/52153879281	https://s.shopee.com.br/7fU0dv5nCu
23393707828	Kit 2 Câmeras segurança wifi ip sem fio 360 encaixe lampada Infravermelho sem fio ptz full HD G4	'	'	'	'	'	https://shopee.com.br/product/1166391508/23393707828	https://s.shopee.com.br/7pnQqE59rx
23194236443	Kit 2 Câmera Segurança Prova D'água Infravermelho Lâmpada Externa 360 Sem Fio Wifi 2.4G G4	'	'	'	'	'	https://shopee.com.br/product/1284751573/23194236443	https://s.shopee.com.br/7KrAFJ73ss
23393558536	JL PROTEC 4K 8MP Câmera de Segurança 2 Lentes Com Audio e Microfone Câmera 360 Graus Wifi	'	'	'	'	'	https://shopee.com.br/product/1085823770/23393558536	https://s.shopee.com.br/7VAaRc6QXv
23898630732	Câmera De Segurança Lente Dupla ICSEE IP66 Wi-Fi 360° Sensor Movimento Visão Noturna Giratória	'	'	'	'	'	https://shopee.com.br/product/1005980154/23898630732	https://s.shopee.com.br/8KjhR93Fr6
58251737406	âmera de segurança Wi-Fi externa com 3 lentes, 360°, zoom óptico, visão noturna, à prova d'água	'	'	'	'	'	https://shopee.com.br/product/1530956550/58251737406	https://s.shopee.com.br/8AQHEq3tC7
22996948283	Câmera Solar Externa a Prova D'gua segurança ip Wifi full hd Bateria Embutida com Visão Noturna	'	'	'	'	'	https://shopee.com.br/product/773156218/22996948283	https://s.shopee.com.br/9AIoQg05AL
58250856565	KIT Câmera De Segurança Lente Dupla IP66 Wi-Fi 360° Sensor Movimento Visão Noturna+MICROSD 16GB	'	'	'	'	'	https://shopee.com.br/product/1005980154/58250856565	https://s.shopee.com.br/8fMXpl1zBG
23498776960	Nova câmera de painel de carro HD 1080P, câmera de 3 lentes, gravador DVR, câmera de direção  su	'	'	'	'	'	https://shopee.com.br/product/526615488/23498776960	https://s.shopee.com.br/9fF51ayB9U
12312312312	Vancid 10 1l Desinfetante Herbal Amônia Quaternária Vansil	'	'	'	'	'	https://mercadolivre.com/sec/1mg7dKh	https://mercadolivre.com/sec/1mg7dKh
12312312313	Tapete Mr. Dry Higiênico Para Caes 80x60cm com 30 Unidades	'	'	'	'	'	https://www.mercadolivre.com.br/tapete-mr-dry-higinico-para-caes-80x60cm-com-30-unidades/p/MLB29267514?pdp_filters=item_id%3AMLB4265953289#polycard_client=wishlist&wid=MLB4265953289&sid=bookmarks	https://mercadolivre.com/sec/2foM2cR
12312312314	Premier Hipoalergênica Hidrolisada Mandioca Pequeno 10kg	'	'	'	'	'	https://www.mercadolivre.com.br/premier-hipoalergenica-hidrolisada-mandioca-pequeno-10kg/up/MLBU3685794831?pdp_filters=item_id%3AMLB6082797500#polycard_client=wishlist&wid=MLB6082797500&sid=bookmarks	https://mercadolivre.com/sec/1ncUjnx
12312312315	Desinfetante Bactericida Herbal Vancid 10 1 Litro Vansil	'	'	'	'	'	https://mercadolivre.com/sec/22G6Txa	https://mercadolivre.com/sec/22G6Txa
19099554534	Calça Saída de Praia Tricot Crochê Tendência Moda Praia | Calça Pantalona Tricô Verão Moda Feminina	'	'	'	'	'	https://shopee.com.br/product/578131599/19099554534	https://s.shopee.com.br/70EONIFnZT
20999672665	Saída De Praia Franja Plus Size Estilo Transparente Moda Verao Feminino	'	'	'	'	'	https://shopee.com.br/product/332666441/20999672665	https://s.shopee.com.br/7VAeyDDtYa
58200042308	Saia Curta Feminina Tricô Crochê Saída de Praia Piscina Moda Verão 2025 com Fenda Lateral e Cordão	'	'	'	'	'	https://shopee.com.br/product/1405551037/58200042308	https://s.shopee.com.br/7KrEluEWtZ
18399369392	Conjunto Saída de Praia Feminina Tricot Verão 2026 | Saia e Top de Tricô Rendado | Moda Praia Crochê	'	'	'	'	'	https://shopee.com.br/product/942771540/18399369392	https://s.shopee.com.br/7pnVMpCcsg
23493392972	Calça Saída de Praia Crochê Feminina Slim & Plus Size Leve, Fresca e Confortável Moda Verão 26 Praia Piscina	'	'	'	'	'	https://shopee.com.br/product/1103978533/23493392972	https://s.shopee.com.br/7fU5AWDGDf
22798765916	Shorts Saída de Praia Tricô Moda Praia Feminina Perfeito para seu Look de Praia	'	'	'	'	'	https://shopee.com.br/product/1134878903/22798765916	https://s.shopee.com.br/5VPaaXLVcG
23298648562	Shorts Saída de Praia Feminino  Tricot Cos Alto Cordão Transpassado Moda Verão	'	'	'	'	'	https://shopee.com.br/product/441252200/23298648562	https://s.shopee.com.br/5L6AOEM8xF
22093809634	Short Saida De Praia Crochê Regulagem e Elástico na Cintura Trico Feminino Moda Praia	'	'	'	'	'	https://shopee.com.br/product/826632023/22093809634	https://s.shopee.com.br/5q2Qz9KEwM
22998046125	Vestido Saída de Praia Tricô Feminino Curta Ponto Crochê Acinturada com Fenda Moda Praia Tricô Verão	'	'	'	'	'	https://shopee.com.br/product/589726965/22998046125	https://s.shopee.com.br/5fj0mqKsHL
23498234590	Kit C/2 Shorts saida de Praia feminino moda praia primavera verão	'	'	'	'	'	https://shopee.com.br/product/1134878903/23498234590	https://s.shopee.com.br/6AfHNlIyGS
22296667269	Saída de praia feminino tricô curta franja Vestido Alça ajustavel Verão Moda Feminina Saida de Banho	'	'	'	'	'	https://shopee.com.br/product/900309555/22296667269	https://s.shopee.com.br/60LrBSJbbR
23393341385	Saida de Praia Feminina Rendada de Tricot - Saia Ponto Crochê de Piscina Tricô Moda Verão 2025	'	'	'	'	'	https://shopee.com.br/product/942771540/23393341385	https://s.shopee.com.br/6VI7mNHhaY
44458886509	Shortinho Saida De Praia Piscina Moda Feminina Seca Rápido P ao GG	'	'	'	'	'	https://shopee.com.br/product/385783811/44458886509	https://s.shopee.com.br/6Kyha4IKvX
22393423076	Saia Curta Saída de Praia Crochê Tricot Premium Feminina com Lastex e Cordão Ajustável Moda Trico	'	'	'	'	'	https://shopee.com.br/product/988065566/22393423076	https://s.shopee.com.br/9UvjLt6HVA
22597320955	Blusa assimétrica Feminina moderna bico diagonal lançamento moda promoção	'	'	'	'	'	https://shopee.com.br/product/1167945223/22597320955	https://s.shopee.com.br/9KcJ9a6uq9
42661303249	Vestido Feminino Midi Mula Manca Conforto e Estilo	'	'	'	'	'	https://shopee.com.br/product/1091963030/42661303249	https://s.shopee.com.br/9pYZkV50pG
42914855132	Blusa Feminina Manga 3/4 Novas Cores Tecido Crepe Moda Evangelica Detalhe Social Elegante	'	'	'	'	'	https://shopee.com.br/product/1167945223/42914855132	https://s.shopee.com.br/9fF9YC5eAF
23893178722	Blusa Manga Princesa Curta Elegante Tendência Moda Maior Plus Size Botão Moda Casual Tecido Dunas	'	'	'	'	'	https://shopee.com.br/product/1117831638/23893178722	https://s.shopee.com.br/AABQ973k9M
43410928108	Vestido Midi regata com Fenda lateral Canelado Feminino	'	'	'	'	'	https://shopee.com.br/product/1091963030/43410928108	https://s.shopee.com.br/9zrzwo4NUL
19799893426	Blusa Feminina Ombro Único Suplex Premium com Fivela Dourada Tendência Verão 2025 Moda Feminina	'	'	'	'	'	https://shopee.com.br/product/490338157/19799893426	https://s.shopee.com.br/AUoGXj2TTS
17105372396	Vestido feminino tubinho midi Liso Classico moda feminina	'	'	'	'	'	https://shopee.com.br/product/345631211/17105372396	https://s.shopee.com.br/AKUqLQ36oR
23393705263	Blusa Feminina Listrada Casual Com Manga Curta Moda Trico Tendência 2025 Super Fresca e Leve	'	'	'	'	'	https://shopee.com.br/product/290234225/23393705263	https://s.shopee.com.br/8AQLlRBMD2
23693791404	kit 3 Blusas Feminina Baby Look Manga Curta Gola Quadrada Decote Quadrado Moda Casual Versátil Blogueira 2025	'	'	'	'	'	https://shopee.com.br/product/1045277594/23693791404	https://s.shopee.com.br/806vZ8BzY1
23598881083	Kit 2 Blusa Feminina Mula Manca Suplex com Forro – Moda Blogueira Básica e Confortável	'	'	'	'	'	https://shopee.com.br/product/595527314/23598881083	https://s.shopee.com.br/8V3CA3A5X8
44211307691	Blusa Feminina Moda Evangeliva Social Tendência Detalhe em V Manga Dobrada Estilosa Promoção	'	'	'	'	'	https://shopee.com.br/product/1167945223/44211307691	https://s.shopee.com.br/8KjlxkAis7
22393937900	Calça Social Feminina Pantalona Alfaiataria Com Cinto Lançamento Moda Luxo Elegancia Social	'	'	'	'	'	https://shopee.com.br/product/1423570800/22393937900	https://s.shopee.com.br/8pg2Yf8orE
43874593794	Blusa Feminina Detalhe em V Manga Dobrada Promoção Moda Social Trabalho	'	'	'	'	'	https://shopee.com.br/product/1167945223/43874593794	https://s.shopee.com.br/8fMcMM9SCD
22294060292	Vestido Feminino Duna Linho plus Size Com Manga E Laço No Ombro, Elastex Na Costa Tem Bojo E Forrado	'	'	'	'	'	https://shopee.com.br/product/1309698046/22294060292	https://s.shopee.com.br/9AIsxH7YBK
43024400925	Blusa Manga 3/4 Detalhe Em V Novas Cores Verão Tendência Moda Feminina	'	'	'	'	'	https://shopee.com.br/product/1167945223/43024400925	https://s.shopee.com.br/8zzSky8BWJ
23898821010	Vestido Feminino Mídi Social Rodado Manga Princesa Decote Coração Moda Evangélica Casual PluzSize	'	'	'	'	'	https://shopee.com.br/product/571996286/23898821010	https://s.shopee.com.br/1La1csbN4q
22298219531	Calça Feminina Pantalona Cintura Alta Lastex Bolso Alfaiataria Preta	'	'	'	'	'	https://shopee.com.br/product/942779587/22298219531	https://s.shopee.com.br/1VtRpBajjt
42963459088	Blusa Feminina Manga 3/4 Novas Cores Verão Em Tecido Crepe Social Elegante Moda Evangélica	'	'	'	'	'	https://shopee.com.br/product/1167945223/42963459088	https://s.shopee.com.br/1gCs1Ua6Ow
22098470935	Vestido Feminino Longo Soltinho Tendência Moda Blogueira Casual Elegante Algodão	'	'	'	'	'	https://shopee.com.br/product/1055116552/22098470935	https://s.shopee.com.br/1qWIDnZT3z
22294329135	Vestido Canelado Midi Algodão e Elastano Casual com Fenda Lateral e Estiloso para o Verão Moda Feminina	'	'	'	'	'	https://shopee.com.br/product/1312004344/22294329135	https://s.shopee.com.br/20piQ6Ypj2
41457333633	Blusa Tecido Duna Com Manga Princesa look 2025 moda feminina lançamento fashion	'	'	'	'	'	https://shopee.com.br/product/1168742171/41457333633	https://s.shopee.com.br/2B98cPYCO5
18598287561	Vestido Midi Duna Fenda Lateral, Costas Aberta Elegante Festa e Sensual	'	'	'	'	'	https://shopee.com.br/product/1516645538/18598287561	https://s.shopee.com.br/2LSYoiXZ38
27736861191	Vestido Feminino Longo Manga Curta 100% Algodão Gola Ribana Boho Chick Moda Casual Outono Inverno	'	'	'	'	'	https://shopee.com.br/product/816056276/27736861191	https://s.shopee.com.br/2Vlz11WviB
29543452138	Vestido Feminino Midi Babado Manga Bufante Forrado Com Elastano Casual e Elegante	'	'	'	'	'	https://shopee.com.br/product/947919283/29543452138	https://s.shopee.com.br/14e2QgRmi
23198467171	Calça Pantalona Wide Leg Alfaiataria Feminina Cintura Alta Elegante e Confortável Moda Social e Casual Tamanhos P ao GG	'	'	'	'	'	https://shopee.com.br/product/1312719554/23198467171	https://s.shopee.com.br/BO4EjfoRl
22792940969	Blusa Manga princesa feminina botão blusinha tendência plus size barata tecido dunas moda social.	'	'	'	'	'	https://shopee.com.br/product/1117831638/22792940969	https://s.shopee.com.br/LhUR2fB6o
22794448709	Blusa Suplex Feminina Ombro a Ombro Básica Premium Elegante Casual Segunda Pele	'	'	'	'	'	https://shopee.com.br/product/1191271291/22794448709	https://s.shopee.com.br/W0udLeXlr
23098003586	Vestido longo feminino luxo	'	'	'	'	'	https://shopee.com.br/product/1346455102/23098003586	https://s.shopee.com.br/gKKpeduQu
23798891761	Moda Feminina Vestido Longo Casual Festa Forrado com Renda Elegante	'	'	'	'	'	https://shopee.com.br/product/1510769713/23798891761	https://s.shopee.com.br/qdl1xdH5x
19897461117	Blusa Canelada Gola Alta Manga Curta Moda Feminina	'	'	'	'	'	https://shopee.com.br/product/1072758923/19897461117	https://s.shopee.com.br/10xBEGcdl0
22098179394	Calça Feminina Pantalona Duna Wide Leg Cintura Alta E Linhao	'	'	'	'	'	https://shopee.com.br/product/1449078582/22098179394	https://s.shopee.com.br/1BGbQZc0Q3
18799684184	Vestido Longo Com Fenda Feminino Suplex Modelador Elegante Sensual Moda Gringa	'	'	'	'	'	https://shopee.com.br/product/1402016312/18799684184	https://s.shopee.com.br/40amnmRDfc
43875200354	Cropped Feminino Gola Boba Fresquinha Dunas Regata Lisa Basica Frente Unica Moda Blogueira Elegante	'	'	'	'	'	https://shopee.com.br/product/345631211/43875200354	https://s.shopee.com.br/4AuD05QaKf
19597986548	Vestido Midi Feminino Suplex Tomara Que Caia Tubinho Justo Moda Blogueira Verão Look Elegante	'	'	'	'	'	https://shopee.com.br/product/872163361/19597986548	https://s.shopee.com.br/4LDdCOPwzi
23493847415	Blusa Feminina Decote de Um Obro Só Manga Mula Manca Com Fivela  Orgânica Elegante Casual , Básica Verão.	'	'	'	'	'	https://shopee.com.br/product/697210917/23493847415	https://s.shopee.com.br/4VX3OhPJel
23598988257	Vestido Feminino Manga Nula Moda Gringa Paty Show Suplex Premium Vestido de Festa em Tendencia	'	'	'	'	'	https://shopee.com.br/product/1516580439/23598988257	https://s.shopee.com.br/4fqTb0OgJo
19199215816	blusa 2 manga babado com botao moda feminina	'	'	'	'	'	https://shopee.com.br/product/1209735588/19199215816	https://s.shopee.com.br/4q9tnJO2yr
41317008316	Vestido CASUAL CURTO feminino LISO manga muscle 100% algodão moda gringa	'	'	'	'	'	https://shopee.com.br/product/1215255692/41317008316	https://s.shopee.com.br/50TJzcNPdu
22698206219	Blusa Baby Look Feminina Básica Com Decote Quadrado Com Manga Curta Moda Casual Versátil Blogueira	'	'	'	'	'	https://shopee.com.br/product/1296865439/22698206219	https://s.shopee.com.br/5AmkBvMmIx
23094370018	Vestido justo suplex marrom de decote V franzido,sexy, moda festa elegante, balada, noite e eventos especiais	'	'	'	'	'	https://shopee.com.br/product/351612241/23094370018	https://s.shopee.com.br/2g5PDKWINU
22797628383	Blusa Básica Ribana Canelado Premium Casual Moda Gringa Basico Camiseta T-Shirt	'	'	'	'	'	https://shopee.com.br/product/1227111400/22797628383	https://s.shopee.com.br/2qOpPdVf2X
18999782601	Blusa academia dia a dia básica suplex manguinha	'	'	'	'	'	https://shopee.com.br/product/1191271291/18999782601	https://s.shopee.com.br/30iFbwV1ha
21397785501	CAMISETA BLUSA LISTRADA MODA TENDENCIA VERÃO 2026 CANELADO PREMIUM PRIMAVERA	'	'	'	'	'	https://shopee.com.br/product/547358600/21397785501	https://s.shopee.com.br/3B1foFUOMd
29287699203	Blusa Feminina Tecido social 3/4 princesa Tendência P ao GG Moda Evangélica	'	'	'	'	'	https://shopee.com.br/product/1167945223/29287699203	https://s.shopee.com.br/3LL60YTl1g
22098437769	Vestido Feminino Mídi de Alfaiataria Faixa na Cintura	'	'	'	'	'	https://shopee.com.br/product/1511928421/22098437769	https://s.shopee.com.br/3VeWCrT7gj
22694145416	Calça Alfaiataria Pantalona Plus Size C/ Cinto G1-G4 Social Casual Elegante ZR Moda Feminina	'	'	'	'	'	https://shopee.com.br/product/781369079/22694145416	https://s.shopee.com.br/3fxwPASULm
23128138561	Vestido Feminino Multiforma Longo | Multiuso | Festa, Madrinha, Casamento e Formatura	'	'	'	'	'	https://shopee.com.br/product/942779587/23128138561	https://s.shopee.com.br/3qHMbTRr0p
22394328500	Vestido Soltinho Camadas Babado Alcinha Verão Leve Crepe Duna Soltinho Não Amassa Fresquinho Moda Blogueira	'	'	'	'	'	https://shopee.com.br/product/1587733934/22394328500	https://s.shopee.com.br/6fbXygH4GO
23893737388	Calça Pantalona Alfaiataria Social Feminina Com Cinto Lançamento Moda Luxo Elegancia Socia	'	'	'	'	'	https://shopee.com.br/product/1423570800/23893737388	https://s.shopee.com.br/70EONIFnaU
23994378811	Kit  Blusa Feminina Mula Manca Suplex com Forro – Moda Blogueira Conforto e Estilo	'	'	'	'	'	https://shopee.com.br/product/872074582/23994378811	https://s.shopee.com.br/7AXoZbFAFX
21199772370	Vestido Feminino Fenda Lateral 100% Algodão Moda Básica Casual Elegante 38 ao 46 Midi Social Oferta	'	'	'	'	'	https://shopee.com.br/product/1361515941/21199772370	https://s.shopee.com.br/7KrEluEWua
53902189410	Blusinha Feminina Gola Boba Drapeado - Moda Verão Elegante Suplex Premium Leve e Confortável	'	'	'	'	'	https://shopee.com.br/product/982283887/53902189410	https://s.shopee.com.br/7VAeyDDtZd
22095629877	Camiseta Feminina Oversized Gola Alta 100% Algodão Moda Blogueira Várias Cores Mocha Mousse Chocolate e Marrom	'	'	'	'	'	https://shopee.com.br/product/413478597/22095629877	https://s.shopee.com.br/7fU5AWDGEg
23298656254	vestido tropical longo, vestido Chic feminino, vestido verão casual, moda feminina praia, vestido estampado colorido	'	'	'	'	'	https://shopee.com.br/product/1523937335/23298656254	https://s.shopee.com.br/7pnVMpCctj
23994398489	kit 3 Blusas Feminina Baby Look Manga Curta Gola Quadrada Decote Quadrado Moda Casual Versátil Blogueira 2025	'	'	'	'	'	https://shopee.com.br/product/293097193/23994398489	https://s.shopee.com.br/5L6AOEM8yG
23393217719	Blusa Feminina Gola Boba Suplex Light Moda Verão Elegante	'	'	'	'	'	https://shopee.com.br/product/318542073/23393217719	https://s.shopee.com.br/5VPaaXLVdJ
23998699610	Camisa listrada feminina elegante - moda casual em crepe premium	'	'	'	'	'	https://shopee.com.br/product/1230715257/23998699610	https://s.shopee.com.br/5fj0mqKsIM
20199298693	Blusa Feminina Manga Japonesa Detalhes em Strass 100% Algodão	'	'	'	'	'	https://shopee.com.br/product/1276910949/20199298693	https://s.shopee.com.br/5q2Qz9KExP
22394451459	Vestido Feminino Curto Floral Praia com Amarração no Pescoço Tendência Verão	'	'	'	'	'	https://shopee.com.br/product/1282380993/22394451459	https://s.shopee.com.br/60LrBSJbcS
23993916674	Chemise Feminino Viscolinho Leve Elegante Versátil Moda Blogueira Atemporal e Moderna Festa	'	'	'	'	'	https://shopee.com.br/product/1525851078/23993916674	https://s.shopee.com.br/6AfHNlIyHV
22394323908	Vestido Tomara que caia Midi Tubinho Tecido Ribana moda Verão Com Bojo Elástico No Peito e Costa	'	'	'	'	'	https://shopee.com.br/product/1312004344/22394323908	https://s.shopee.com.br/6Kyha4IKwY
18258567905	Calça Pantalona Feminina Cintura Alta Tendência Moda Envio Imediato	'	'	'	'	'	https://shopee.com.br/product/368545942/18258567905	https://s.shopee.com.br/6VI7mNHhbb
22898695071	Vestido Midi Feminino Tubinho Gola Transpassada Moda Verão	'	'	'	'	'	https://shopee.com.br/product/1384683547/22898695071	https://s.shopee.com.br/9KcJ9a6urA
6484643939	Blusa Feminina Estilosa Transpassada Manga Curta Decote Casual Elegante	'	'	'	'	'	https://shopee.com.br/product/396716892/6484643939	https://s.shopee.com.br/9UvjLt6HWD
19799893628	Blusa Feminina Transpassada Cruzada Manga Curta Decote V Blusinha Moda Blogueira Casual Elegante Amamentação	'	'	'	'	'	https://shopee.com.br/product/767060721/19799893628	https://s.shopee.com.br/9fF9YC5eBG
21298091488	Blusa Capa feminina  estilosa varias formas de usar moda influencer	'	'	'	'	'	https://shopee.com.br/product/1294146992/21298091488	https://s.shopee.com.br/9pYZkV50qJ
22393509865	Vestido Feminino Mídi Romântico Estampa Floral |  Fenda lateral Laço no Busto | Tendencia Moda	'	'	'	'	'	https://shopee.com.br/product/1224458491/22393509865	https://s.shopee.com.br/9zrzwo4NVM
22298476451	Vestido Feminino curto mula manca alfaiataria um ombro só Moda Gringa festa elegante	'	'	'	'	'	https://shopee.com.br/product/420189706/22298476451	https://s.shopee.com.br/AABQ973kAP
13985801939	Blusa canelada feminina,moda blogueiraq	'	'	'	'	'	https://shopee.com.br/product/579868009/13985801939	https://s.shopee.com.br/AKUqLQ36pS
23298515820	Kit 2 Camisetas Femininas Básicas | BABY LOOK 100% Algodão Premium Sortidas – Conforto e Estilo	'	'	'	'	'	https://shopee.com.br/product/398928798/23298515820	https://s.shopee.com.br/AUoGXj2TUV
23693891285	Blusa Feminina Babado Manga Curta Regata – Moda Verão	'	'	'	'	'	https://shopee.com.br/product/1502264735/23693891285	https://s.shopee.com.br/806vZ8BzZ2
23094548592	Vestido Feminino Nula Manga Moda Gringa Paty Show suplex premium vestido de festa	'	'	'	'	'	https://shopee.com.br/product/369151519/23094548592	https://s.shopee.com.br/8AQLlRBME5
22897732661	Vestido Feminino Balada Ombro Só Casual Mula Manca Festa Colado Moda Montaria Tubinho Envio Imediato	'	'	'	'	'	https://shopee.com.br/product/1242949244/22897732661	https://s.shopee.com.br/8KjlxkAit8
26436895191	Blusa Camiseta Listrada Manga Curta P ao GG T-shirt Casual Gola Ribana Babylook Moda Verão Oferta	'	'	'	'	'	https://shopee.com.br/product/816056276/26436895191	https://s.shopee.com.br/8V3CA3A5YB
22398066371	Camiseta Feminina Limoncello Drink Lemon T-Shirt 100% Algodão Tendência Moda Feminina	'	'	'	'	'	https://shopee.com.br/product/1145694443/22398066371	https://s.shopee.com.br/8pg2Yf8osH
41014926238	Kit Duas Blusas Manga 3/4 Novas Cores Tecido Verão Moda Evangelica Detalhe	'	'	'	'	'	https://shopee.com.br/product/1167945223/41014926238	https://s.shopee.com.br/8zzSky8BXK
18297748124	Calça Social Feminina ZARA Modelo Pantalona Alfaiataria Com Cinto Lançamento Moda Luxo Blogueira Elegante	'	'	'	'	'	https://shopee.com.br/product/1269511225/18297748124	https://s.shopee.com.br/9AIsxH7YCN
22223126108	Blusa Feminina Com Manga Elegante Romântica Social Gravata Laço	'	'	'	'	'	https://shopee.com.br/product/947919283/22223126108	https://s.shopee.com.br/1qWIDnZT4y
22396976794	Vestido Curto Feminino Estampado com Cinto Moda Casual Elegante Plus Size Verão 2022	'	'	'	'	'	https://shopee.com.br/product/311489677/22396976794	https://s.shopee.com.br/1gCs1Ua6Px
21598262410	Calça Wide Leg Tecido Alfaiataria Casual Pantalona Bolso Verdadeiro Empina Bumbum Promoção	'	'	'	'	'	https://shopee.com.br/product/1388314621/21598262410	https://s.shopee.com.br/1La1csbN5v
22997714686	Vestido Feminino Canelado midi  com fenda vestido gola quadrada vestido causal vestido	'	'	'	'	'	https://shopee.com.br/product/1253595631/22997714686	https://s.shopee.com.br/2Vlz11WvjA
21897727103	Kit 3 Calça Pantalona Plus Size Feminina Cintura Alta Dunas Bolsos	'	'	'	'	'	https://shopee.com.br/product/368545942/21897727103	https://s.shopee.com.br/2LSYoiXZ49
20497971307	Vestido Feminino Plus Size Midi Curto Tendência Moda Verão Evangélica Elegante Soltinho Confortável	'	'	'	'	'	https://shopee.com.br/product/1334299245/20497971307	https://s.shopee.com.br/2B98cPYCP8
53802160734	Vestido Feminino Midi Alcinha Costas Trançadas Moda Blogueira Festas Réveillon Natal	'	'	'	'	'	https://shopee.com.br/product/1253655425/58200950718	https://s.shopee.com.br/8zzSzb2idn
23093740298	Blusa Manga 3/4 Feminina – Perfeita Para Todos os Estilos e Tamanhos	'	'	'	'	'	https://shopee.com.br/product/344946495/53802160734	https://s.shopee.com.br/8AQM045tKe
21797925728	Blusa Tshirt Listrada Tendência Verão Gola Redonda em Algodão de Alta Qualidade Básica	'	'	'	'	'	https://shopee.com.br/product/807208207/23093740298	https://s.shopee.com.br/806vnl6Wfd
23794481728	Kit 2 Camisas Plus Size Feminina Estampada 100% Algodão Tendencia Estilosa	'	'	'	'	'	https://shopee.com.br/product/1325511880/21797925728	https://s.shopee.com.br/8V3COg4cek
22898683671	Vestido Feminino  Curto Justo com Franzido e Manga Morcego – Moda Festa Tecido Brilhoso	'	'	'	'	'	https://shopee.com.br/product/1449335658/23794481728	https://s.shopee.com.br/8KjmCN5Fzj
40117336005	Max Blusão Oversized Feminina Diversas Estampas de Personagens 100% Algodão	'	'	'	'	'	https://shopee.com.br/product/1475304210/22898683671	https://s.shopee.com.br/AABQNjyHH6
20699596228	Blusa ombro a ombro plus size tamanho grande moda jovem chique elegante	'	'	'	'	'	https://shopee.com.br/product/1198674822/40117336005	https://s.shopee.com.br/9zs0BQyuc5
20699003766	Blusa Feminina Gola Boba Fresquinha Tecido Duna Regata Lisa Básica Frente Única Moda Blogueira Elegante	'	'	'	'	'	https://shopee.com.br/product/1360626051/20699596228	https://s.shopee.com.br/AUoGmLx0bC
23493709677	Blusa Feminina Ombro Só Mula Manca Assimetrico Casual	'	'	'	'	'	https://shopee.com.br/product/318542073/20699003766	https://s.shopee.com.br/AKUqa2xdwB
22194188292	BLUSA FEMININA DISCRETA BASICA BLUSINHA FEMININAS MODA ELEGANTE BLUSAS FEMININO CONFORTÁVEL DIA A DIA ESTILOSA PROMOÇÃO	'	'	'	'	'	https://shopee.com.br/product/1426643668/23493709677	https://s.shopee.com.br/9UvjaW0od2
23598833310	Camiseta Blusa Básica  Canelada Ribana Premium Casual Moda Gringa Gola Alta Promoção	'	'	'	'	'	https://shopee.com.br/product/1218797016/22194188292	https://s.shopee.com.br/9KcJOD1Ry1
22394466575	Blusa Blusinha Feminina Regata Costa Nua Suplex Duplo Blogueira Tendencia	'	'	'	'	'	https://shopee.com.br/product/228279087/23598833310	https://s.shopee.com.br/9pYZz7zXx8
14194636570	Vestido Feminino Godê Ribana Rodado Vestido Moda Feminina	'	'	'	'	'	https://shopee.com.br/product/1191271291/22394466575	https://s.shopee.com.br/9fF9mp0BI7
22593934737	VESTIDO FEMININO RODADO CURTO FRENTE UNICA SOLTINHO ALCINHA COSTA ABERTA ELASTICO FRESQUINHO	'	'	'	'	'	https://shopee.com.br/product/336042646/14194636570	https://s.shopee.com.br/10xBStXAsS
23194551661	Camiseta Tshirt Capivara Estampa Casual Confortavel DryFit Confort	'	'	'	'	'	https://shopee.com.br/product/1515996068/22593934737	https://s.shopee.com.br/1BGbfCWXXV
22797551289	Blusa Feminina Plus Size Camiseta  100% Algodão Estampada Preta Animal  G1 G2 G3	'	'	'	'	'	https://shopee.com.br/product/476551247/23194551661	https://s.shopee.com.br/gKL4HYRYQ
44303410628	Kit 2 Vestido Longo Feminino Social Manga Curta Elegante Moda Evangélica Cristã	'	'	'	'	'	https://shopee.com.br/product/308293684/22797551289	https://s.shopee.com.br/qdlGaXoDT
23094156314	Vestido Longo Liso Duna Evangelico	'	'	'	'	'	https://shopee.com.br/product/816056276/44303410628	https://s.shopee.com.br/LhUffZiEO
22998585283	Vestido Longo Liso Duna Manga Feminino Saia Rodada e Elastico Costas Festa Evangelico	'	'	'	'	'	https://shopee.com.br/product/1516645538/23094156314	https://s.shopee.com.br/W0uryZ4tR
23694361079	Blusinha Feminina Estilo Vestidinho Elegante Amarracao Peitoral Moda Feminina	'	'	'	'	'	https://shopee.com.br/product/1516645538/22998585283	https://s.shopee.com.br/14eH3ayuM
22794189545	Calça Jeans Feminina Wide Leg Black Marmorizada Cintura Alta Stilo e Conforto	'	'	'	'	'	https://shopee.com.br/product/1118628847/23694361079	https://s.shopee.com.br/BO4TMaLZP
23997999041	Vestido Midi Feminino Tomara que Caia Envio Rapido Moda Blogueira Tendencia Vestido Gravida	'	'	'	'	'	https://shopee.com.br/product/964586542/22794189545	https://s.shopee.com.br/2LSZ3LS6Aq
23493584339	Vestido curto com babado e alcinha regulador estilo solto	'	'	'	'	'	https://shopee.com.br/product/392163999/23997999041	https://s.shopee.com.br/2VlzFeRSpt
23494305196	Vestido Macaquinho Crepe Seda GOLA ALTA de Amarração e camadas em babados| Verão, Fashion, Elegante	'	'	'	'	'	https://shopee.com.br/product/1052961716/23493584339	https://s.shopee.com.br/20piejTMqo
23497304527	Vestido Feminino Curto Regata Estilo Zara Duplo Forrado Premium	'	'	'	'	'	https://shopee.com.br/product/1013635600/23494305196	https://s.shopee.com.br/2B98r2SjVr
28390545218	Blusa Cropped Frente Única Gola Alta Costa Nua Com Amarração Duplo Poliamida  Moda Básica Estilosa	'	'	'	'	'	https://shopee.com.br/product/603584130/23497304527	https://s.shopee.com.br/1gCsG7UdWm
23797436828	Blusa Com Manga Feminina Elegante Estampada Moda Social Evangélica Blusinha	'	'	'	'	'	https://shopee.com.br/product/349271557/28390545218	https://s.shopee.com.br/1qWISQU0Bp
23694386868	Calça Alfaiataria Feminina Cintura Alta Com Zíper  E Bolsos Lançamento  ZR Social  Empresaria Tendência Elegante	'	'	'	'	'	https://shopee.com.br/product/947919283/23797436828	https://s.shopee.com.br/1La1rVVuCk
23697838760	tecido duna bluza feminina manga bufante super elegante  soltinha moda verão	'	'	'	'	'	https://shopee.com.br/product/1600689202/23694386868	https://s.shopee.com.br/1VtS3oVGrn
43667364462	Blusa Feminina Tecido Novas Cores Moda Promoção Evangelica Manga 3/4	'	'	'	'	'	https://shopee.com.br/product/1340053044/23697838760	https://s.shopee.com.br/3fxwdnN1TE
22894228725	Vestido Feminino Nula Manga Moda Gringa Paty Show vestido de festa fresco primavera e verão	'	'	'	'	'	https://shopee.com.br/product/1167945223/43667364462	https://s.shopee.com.br/3qHMq6MO8H
23797136420	Blusa Camisa Feminina Laço Gravatinha blusa plus size feminina 14 cores Manga Curta Moda Evangelica Coreana Dorama	'	'	'	'	'	https://shopee.com.br/product/1282380993/22894228725	https://s.shopee.com.br/3LL6FBOI9C
21698032879	Blusa Feminina Assimétrica Estilosa com Corte Assimétrico Lançamento Oferta Moda Promoção	'	'	'	'	'	https://shopee.com.br/product/1033338881/23797136420	https://s.shopee.com.br/3VeWRUNeoF
41720765951	Blusinha Cropped Feminina Gola Boba  Estilosa Frente Única Alça Decote Elegante Multiforma Tecido Duna Tendência Moda Ve	'	'	'	'	'	https://shopee.com.br/product/1459254223/21698032879	https://s.shopee.com.br/30iFqZPYpA
23594384307	Blusa Feminina Frente Unica Tendência Verão Moda Gringa Estilosa Cropped	'	'	'	'	'	https://shopee.com.br/product/697210917/41720765951	https://s.shopee.com.br/3B1g2sOvUD
18098180774	Vestido Jeans Midi 3 Marias Rodado Moda Evangelica cristã elastico Soltinho com Elastex na cintura	'	'	'	'	'	https://shopee.com.br/product/627999940/23594384307	https://s.shopee.com.br/2g5PRxQpV8
22799023320	vestido feminino  de manga plus size mídi moda evangélica lastex crepe dunas liso rodado festa casual. Manga	'	'	'	'	'	https://shopee.com.br/product/751339380/18098180774	https://s.shopee.com.br/2qOpeGQCAB
23999027150	VESTIDO MODA FEMININA LONGO VERSATIL POSEI REGULAGEN Y ELASTEX NAS COSTAS Y BOJO EM TECIDO CEPINHO	'	'	'	'	'	https://shopee.com.br/product/1095852857/22799023320	https://s.shopee.com.br/50TKEFHwlc
22094087605	Vestido Midi Duna Fenda Lateral, Costas Aberta Elegante Festa e Sensual	'	'	'	'	'	https://shopee.com.br/product/1488747877/23999027150	https://s.shopee.com.br/5AmkQYHJQf
58201998517	Vestido femininno plus size tamanho G1	'	'	'	'	'	https://shopee.com.br/product/1516645538/22094087605	https://s.shopee.com.br/4q9u1wIa6d
23099010673	Kit (2) Blusa Feminina Mula Manca – Moda Feminina, Suplex com Forro e Estilo Blogueira	'	'	'	'	'	https://shopee.com.br/product/1521512093/58201998517	https://s.shopee.com.br/4LDdR1KU7Y
9746602058	Vestido Curto Canelado Estiloso Moda Feminina	'	'	'	'	'	https://shopee.com.br/product/342337337/23099010673	https://s.shopee.com.br/4VX3dKJqmb
22798834886	Camisa listrada feminina elegante - moda casual Manga 3/4	'	'	'	'	'	https://shopee.com.br/product/330018589/9746602058	https://s.shopee.com.br/40an2PLknW
44424593525	Kit Duas Blusas Manga Dobrada Detalhe V Tendência Evangelica Moda	'	'	'	'	'	https://shopee.com.br/product/1460537279/22798834886	https://s.shopee.com.br/4AuDEiL7SZ
21398099665	Vestido Feminino Moda Festa Paetê Country Costas Nua Franjas Brilho Noite Night Elegante Balada Sexy	'	'	'	'	'	https://shopee.com.br/product/1167945223/44424593525	https://s.shopee.com.br/6KyhohCs40
23293733266	Blusa Feminina Modal Listrada Fresquinha Casual Com Manga Curta Moda Tendência Elegante 2025	'	'	'	'	'	https://shopee.com.br/product/758101033/21398099665	https://s.shopee.com.br/6VI810CEj3
18799229099	Calça Pantalona Feminina Alfaiataria Duna Plus Size  Cintura Alta Com Bolso Social  Wide Leg	'	'	'	'	'	https://shopee.com.br/product/543316913/23293733266	https://s.shopee.com.br/60LrQ5E8jy
23692842147	Blusa Feminina Elegante Nó Gola Transpassada Regata Tecido Duna Moda Blogueira Tendencia	'	'	'	'	'	https://shopee.com.br/product/1125344466/18799229099	https://s.shopee.com.br/6AfHcODVP1
17437927966	Calça Feminina Skinny Malha Crepe Com Cinto Forrado Cintura Alta Qualidade Slim	'	'	'	'	'	https://shopee.com.br/product/525497420/23692842147	https://s.shopee.com.br/5fj11TFPPw
18798322990	Blusa Feminina Gola Boba Suplex Light Moda Verão Elegante	'	'	'	'	'	https://shopee.com.br/product/341760394/17437927966	https://s.shopee.com.br/5q2RDmEm4z
22398488125	Vestido Longo Feminino Estampado Floral Manga Flare Decote V Elastex Elegante Moda Verão	'	'	'	'	'	https://shopee.com.br/product/403348140/18798322990	https://s.shopee.com.br/5L6AcrGg5u
23398639508	Conjunto Feminino Calça Pantalona e Blusa de Gola Alta Manga Longa Tecido Anarruga Moda Elegante	'	'	'	'	'	https://shopee.com.br/product/1439133553/23398639508	https://s.shopee.com.br/3qJsv3KloU
22798302481	Leggings canelada de cintura larga e cor sólida para atividades esportivas.	'	'	'	'	'	https://shopee.com.br/product/1414741692/22798302481	https://s.shopee.com.br/3g0SikLP9T
21998511520	Moleton Ziper Aberto Jaqueta Estiloso Blusa De Frio Feminino Masculino Canguru Capuz Bolso Inverno	'	'	'	'	'	https://shopee.com.br/product/868488797/21998511520	https://s.shopee.com.br/4AwjJfJV8a
22494928254	Blusa de frio do brasil moletom canguru torcedor brasileiro masculino e feminino unissex blusa com capuz e bolso	'	'	'	'	'	https://shopee.com.br/product/1224529773/22494928254	https://s.shopee.com.br/40dJ7MK8TZ
23498379918	Blusa de frio feminina estilo blogueira com trança tendência 2025 blusa tricot manga bufante	'	'	'	'	'	https://shopee.com.br/product/290234225/23498379918	https://s.shopee.com.br/4VZZiHIESg
58208700081	Kit 2 Pares Bota Feminina Cano Enrugado Saltinho Moda Rodeio Blogueira- Oferta!	'	'	'	'	'	https://shopee.com.br/product/1349286102/58208700081	https://s.shopee.com.br/4LG9VyIrnf
41178806100	Blusa Feminina Brasil T-shirt Verão Algodão	'	'	'	'	'	https://shopee.com.br/product/681967866/41178806100	https://s.shopee.com.br/4qCQ6tGxmm
52758437928	Camiseta Brasileira Feminina Infantil e Adulto T-shirt Tal Mãe Tal Filha Brasil Promoção	'	'	'	'	'	https://shopee.com.br/product/1316980618/52758437928	https://s.shopee.com.br/4fszuaHb7l
23598568886	Cropped Top Feminino Personalizado Copa 2026 ESTHER BRAZIL	'	'	'	'	'	https://shopee.com.br/product/587578299/23598568886	https://s.shopee.com.br/50VqJCGKRr
40650367303	Um Novo Suéter Grosso De Gola Alta Para Mulheres No Inverno 2026 , Combinado Com Elegante top Térmico De Outono E	'	'	'	'	'	https://shopee.com.br/product/393412132/40650367303	https://s.shopee.com.br/BQaYJYjFw
20698271319	Conjunto Ziper Inverno Pantalona	'	'	'	'	'	https://shopee.com.br/product/1551697817/20698271319	https://s.shopee.com.br/17AM0ZMav
58205873852	Kit 4 Blusas Feminina Ribana Canelado Básica Casual Estilosa Tendência Verão	'	'	'	'	'	https://shopee.com.br/product/1521733034/58205873852	https://s.shopee.com.br/W3QwvXSa2
40578997129	Kit 3 Blusa de Frio Cacharrel Feminina Inverno Blusa Gola Alta Tricot Moda Frio	'	'	'	'	'	https://shopee.com.br/product/1025213096/40578997129	https://s.shopee.com.br/qgHLXWBu8
54958027125	Blusa Feminina T-shirt Brasil Cores 100% Algodão Premium Envio Imediato	'	'	'	'	'	https://shopee.com.br/product/681967866/54958027125	https://s.shopee.com.br/gMr9EWpF7
58257935434	Copo Termico 473ml Personalizado Brasil Com Abridor integrado e Tampa - Tema Copa do Mundo	'	'	'	'	'	https://shopee.com.br/product/416104241/58257935434	https://s.shopee.com.br/1BJ7k9UvEE
16484187667	Camisa do Brasil Camiseta do Brasil Seleção Brasileira Torcida Brasil Amarela Patriota Torcedor	'	'	'	'	'	https://shopee.com.br/product/526443623/16484187667	https://s.shopee.com.br/10zhXqVYZD
22598925518	Macacão feminino elegante pantalona longa com cinto, decote em V, costas abertas e bolsos invisíveis, moderno versátil	'	'	'	'	'	https://shopee.com.br/product/1629613353/22598925518	https://s.shopee.com.br/1Vvy8lTeYK
22698846073	Camiseta Treino Feminina Docinho Oversized Roupas de Academia Look de Treino Super Poderosas Meme	'	'	'	'	'	https://shopee.com.br/product/289956076/22698846073	https://s.shopee.com.br/1LcXwSUHtJ
58208026413	ROMANTIC CROWN Kit 2 Copo Térmico Inox 1200ml/600ml Garrafa Térmica Inoxidável com Tampa e Canudo	'	'	'	'	'	https://shopee.com.br/product/1240652277/58208026413	https://s.shopee.com.br/1gFOL4T1DP
40007124196	Camiseta Feminina Preta 100% Algodão Academia Docinho Florzinha Lindinha Look Treino Confortavél	'	'	'	'	'	https://shopee.com.br/product/681967866/40007124196	https://s.shopee.com.br/2BBevzR7CW
22399274898	Kit 2 Roupões Plush M ou G Unissex Adulto Inverno Quentinho Promoção 100% Poliester	'	'	'	'	'	https://shopee.com.br/product/402681635/22399274898	https://s.shopee.com.br/20sEjgRkXV
23499391520	2 Calças Legging com Bolso Lateral Suplex Cós Alto Largo Academia Crossfit Verão Fitness	'	'	'	'	'	https://shopee.com.br/product/1251161766/23499391520	https://s.shopee.com.br/2VoVKbPqWc
54657379904	Kit 3 Blusas Feminina Cores Brasil Copa Gola Alta Canelada Manga Curta Elegante Confortável	'	'	'	'	'	https://shopee.com.br/product/1058666705/54657379904	https://s.shopee.com.br/2LV58IQTrb
22794806088	2 camisa do Brasil casal copa do mundo/ Kit casal 2 blusa do Brasil	'	'	'	'	'	https://shopee.com.br/product/880951566/22794806088	https://s.shopee.com.br/8KmIHK3dgm
22498347105	Bermuda Jeans Masculina Lisa | Shorts Masculino Qualidade Gold | Conforto e Estilo	'	'	'	'	'	https://shopee.com.br/product/439328620/22498347105	https://s.shopee.com.br/7AXeIHRyRW
20597809991	3 Bermuda Masculina Adulto Mauricinho Plus Size Moda Short Tactel Masculino Ideal P/ Praia Piscina Casual	'	'	'	'	'	https://shopee.com.br/product/876362265/20597809991	https://s.shopee.com.br/70EE5ySbmV
23598183307	Kit 4 Pijama Masculino Samba Cançao Masculino Samba Canção Cueca	'	'	'	'	'	https://shopee.com.br/product/1419612788/23598183307	https://s.shopee.com.br/7VAUgtQhlc
20299701857	Kit 3 Pç Shorts Masculina Esporte Academia Ziper Refletivo Masculino	'	'	'	'	'	https://shopee.com.br/product/1267984924/20299701857	https://s.shopee.com.br/7Kr4UaRL6b
21897617582	KIT 10 Cuecas Boxers Masculina de Microfibra ou 4 Unidades	'	'	'	'	'	https://shopee.com.br/product/653062442/21897617582	https://s.shopee.com.br/7pnL5VPR5i
18598798283	Kit 2 Shorts Praia Masculino Bermuda Masculina Verão Casual Esportivo Básico Em Tactel Com Bolsos	'	'	'	'	'	https://shopee.com.br/product/375092482/18598798283	https://s.shopee.com.br/7fTutCQ4Qh
18797982880	Shorts Plus Size Tactel liso roupas neon moda praia masculino short plus size masculino mauricinho verão verão preto	'	'	'	'	'	https://shopee.com.br/product/697079696/18797982880	https://s.shopee.com.br/5VPQJDYJpI
23599036232	KIT 2 Regatas Masculinas DryFit Academia - Regata Dryfitness Masculina Regatas Academia Treino	'	'	'	'	'	https://shopee.com.br/product/1598241954/23599036232	https://s.shopee.com.br/5L606uYxAH
23991859204	Kit 2 Bermuda Masculina Cargo Bermudas Masculinas Brim Short Masculino Bolso Elástico	'	'	'	'	'	https://shopee.com.br/product/290914142/23991859204	https://s.shopee.com.br/5q2GhpX39O
22492676165	Calça Jogger Preta Masculina Dry Fit Com Fitas Esportiva	'	'	'	'	'	https://shopee.com.br/product/413762733/22492676165	https://s.shopee.com.br/5fiqVWXgUN
22799027611	KIT 3 Bermuda masculina academia tactel com elastano bolso com ziper shorts academia alta qualidade	'	'	'	'	'	https://shopee.com.br/product/294594088/22799027611	https://s.shopee.com.br/6Af76RVmTU
22693989778	Kit 4 Cuecas Boxers Masculina Adulto de Microfibra ou Kit 10 Cuecas	'	'	'	'	'	https://shopee.com.br/product/1538734551/22693989778	https://s.shopee.com.br/60Lgu8WPoT
58200118182	Kit 3 a 10 Cueca Boxer Lisa Sem Costura Masculino Adulto Cores Variadas	'	'	'	'	'	https://shopee.com.br/product/1280640240/58200118182	https://s.shopee.com.br/6VHxV3UVna
21099194764	Camiseta Básica Algodão Masculina Feminina Confortável Casual  Academia e Dia a Dia	'	'	'	'	'	https://shopee.com.br/product/850197686/21099194764	https://s.shopee.com.br/6KyXIkV98Z
20398291119	Calça Denim Baggy Masculina Balão Larga Carpenter Tecido Premium Dazzling	'	'	'	'	'	https://shopee.com.br/product/439328620/20398291119	https://s.shopee.com.br/4Au2ildOXA
23992783058	Kit 2 camisa polo masculina camiseta premium piquet poliester	'	'	'	'	'	https://shopee.com.br/product/380575792/23992783058	https://s.shopee.com.br/40acWSe1s9
21154240500	Calça Jogger Masculina Sarja ou Jeans Streetwear 4 Bolsos moda homem bonito	'	'	'	'	'	https://shopee.com.br/product/447199298/21154240500	https://s.shopee.com.br/4VWt7Nc7rG
40408068610	Kit 4 Cuecas Zorba Boxer Algodão Sem Costura Cueca Box Masculina Elástico Confortável Seamless 781 Pacote Original	'	'	'	'	'	https://shopee.com.br/product/371728614/40408068610	https://s.shopee.com.br/4LDSv4clCF
23598656777	Kit 5 a 10 Cuecas Slip 100% Algodão Cueca Slip Masculina PM G  GG Kit 5 Cuecas tradicional	'	'	'	'	'	https://shopee.com.br/product/373837682/23598656777	https://s.shopee.com.br/4q9jVzarBM
19165777869	Corta Vento Masculina Impermeável Semi Forrada PRETO Rock Saints	'	'	'	'	'	https://shopee.com.br/product/458953645/19165777869	https://s.shopee.com.br/4fqJJgbUWL
22793492448	Kit 10 camisas camisetas masculina p ao gg com leves defeitos	'	'	'	'	'	https://shopee.com.br/product/324577449/22793492448	https://s.shopee.com.br/5AmZubZaVS
19199547002	Calça Cargo Masculina Jogger Streetwear Com Punho e Cordão 34 Ao 44 + 3 Cores	'	'	'	'	'	https://shopee.com.br/product/455758103/19199547002	https://s.shopee.com.br/50T9iIaDqR
16185215321	Kit 6 Cuecas Boxer Lupo Em Poliamida Sem Costura Respirável Confortável Cueca Masculina Pacote Box Original	'	'	'	'	'	https://shopee.com.br/product/371728614/16185215321	https://s.shopee.com.br/2qOf8JiTF2
23593548812	Camisa Polo Masculina em Tecido Gelado Elastico	'	'	'	'	'	https://shopee.com.br/product/601116114/23593548812	https://s.shopee.com.br/2g5Ew0j6a1
19399337322	Kit 4 Camiseta Oversized Masculino Tecido Texturizado	'	'	'	'	'	https://shopee.com.br/product/1025358492/19399337322	https://s.shopee.com.br/3B1VWvhCZ8
14220095723	Kit 6 Pares Meias Lupo Original Sapatilha Algodão Masculino Feminina Cano Curto Baixo Soquete Academia	'	'	'	'	'	https://shopee.com.br/product/371728614/14220095723	https://s.shopee.com.br/30i5Kchpu7
22294472722	Kit 2 Camisetas Masculinas Reserva 100% Algodão Básica Casual	'	'	'	'	'	https://shopee.com.br/product/1561900559/22294472722	https://s.shopee.com.br/3VeLvXfvtE
29742499701	Camiseta Street Minimalista Masculina Camisa Bos Toque Leve 100% Algodão Confortavel	'	'	'	'	'	https://shopee.com.br/product/432490414/29742499701	https://s.shopee.com.br/3LKvjEgZED
22198981473	Calça Jogger Masculina Chimpa Esportiva – Leve Confortável e com Detalhe Refletivo	'	'	'	'	'	https://shopee.com.br/product/1421340193/22198981473	https://s.shopee.com.br/3qHCK9efDK
22994191673	Calça Cargo Masculina/Feminina – Estilo Skate, 6 Bolsos, Cordão Ajustável	'	'	'	'	'	https://shopee.com.br/product/1496486048/22994191673	https://s.shopee.com.br/3fxm7qfIYJ
58200470306	Camiseta Básica Masculina 100% Algodão Lisa Slim Premium Básica Casual Dia a Dia Academia	'	'	'	'	'	https://shopee.com.br/product/1442787125/58200470306	https://s.shopee.com.br/1LZrLYoBHt
43764257334	Calça Balão Jeans Masculina Marmorizada Streetwear Larga Baggy 36 ao 48	'	'	'	'	'	https://shopee.com.br/product/455758103/43764257334	https://s.shopee.com.br/1qW7wTmHH0
23795737586	Kit 6 Camisetas Básicas Masculina 100% Algodão Cores Tendência Reforço Ombro a Ombro - Camiseta Masculina Moda Casual	'	'	'	'	'	https://shopee.com.br/product/873231511/23795737586	https://s.shopee.com.br/1gChkAmubz
23997678577	Corta Vento Jaqueta Masculino Lisa com Capuz e Bolso e ziper	'	'	'	'	'	https://shopee.com.br/product/1245235800/23997678577	https://s.shopee.com.br/2B8yL5l0b6
19998271364	Camiseta Oversized Masculina Texturizada Casual Básica Lisa Premium	'	'	'	'	'	https://shopee.com.br/product/696338833/19998271364	https://s.shopee.com.br/20pY8mldw5
58250355922	Calça Jeans Cargo Masculina Streetwear Preta Mescla Cinza Grafite 34 Ao 44	'	'	'	'	'	https://shopee.com.br/product/439328620/58250355922	https://s.shopee.com.br/2VlojhjjvC
20799076697	Camiseta Masculina e Feminina UV Estampa Agro Rural 1	'	'	'	'	'	https://shopee.com.br/product/297597193/20799076697	https://s.shopee.com.br/BNtxPscem
26088043869	Blusa Cacharrel Masculina Canelada	'	'	'	'	'	https://shopee.com.br/product/388868312/26088043869	https://s.shopee.com.br/14Tl6tFzl
23098697931	Camisa Plus Size Masculina Proteção Solar UV50+ Segunda Pele Térmica	'	'	'	'	'	https://shopee.com.br/product/1542297351/23098697931	https://s.shopee.com.br/W0kM1rLys
22097919343	Camiseta Masculina Los Angeles Street Manga Detalhe Diverse Camisa 100% Algodão	'	'	'	'	'	https://shopee.com.br/product/308560335/22097919343	https://s.shopee.com.br/LhK9irzJr
8173370643	Camisa Social Masculina Slim fit Luxo Moda Estilosa Manga Longa	'	'	'	'	'	https://shopee.com.br/product/443808233/8173370643	https://s.shopee.com.br/qdakdq5Iy
23798204309	Kit 2 Regata Premium Masculina Modelo Americano Ribana Canelada Algodão e Elastano Primeira Linha	'	'	'	'	'	https://shopee.com.br/product/1396423769/23798204309	https://s.shopee.com.br/gKAYKqidx
22994548477	Kit  2  Regatas  Masculinas Dry Fitess Camisas DryFit  Masculino  Regata  Academia	'	'	'	'	'	https://shopee.com.br/product/1598241954/22994548477	https://s.shopee.com.br/1BGR9Food4
22998903820	Kit 3 Camisetas Masculinas  “Paris” algodão premium 30.1 – Várias Cores - Promoção Dia Dos Pais	'	'	'	'	'	https://shopee.com.br/product/1567171530/22998903820	https://s.shopee.com.br/10x0wwpRy3
23393881044	Jaqueta Puffer Bobojaco Impermeável de Frio Intenso Blusa Masculina Inverno com Capuz Removível	'	'	'	'	'	https://shopee.com.br/product/1482872412/23393881044	https://s.shopee.com.br/9Kc8sGJj3g
58200494858	Camisa Social Masculina Slim Fit Manga Longa Mitong  Sem Elastano Elegante e Antirrugas 40%Algodão + 60%Poliéster	'	'	'	'	'	https://shopee.com.br/product/1497331575/58200494858	https://s.shopee.com.br/9UvZ4ZJ5ij
23397666189	Moletom Careca Coffee Weather Gola Redonda Casaco Masculino Feminino Flanelado Inverno Blusa De Frio	'	'	'	'	'	https://shopee.com.br/product/512854606/23397666189	https://s.shopee.com.br/9fEzGsISNm
14700333057	Calça Masculina Jeans Tradicional Premium Promoção Barata para Trabalho Resistente	'	'	'	'	'	https://shopee.com.br/product/497123310/14700333057	https://s.shopee.com.br/9pYPTBHp2p
22197610311	Kit 2 Calça Cargo Unissex - Masculino / Feminina 5 Bolsos Moda Skate Larga - ENVIO IMEDIATO	'	'	'	'	'	https://shopee.com.br/product/1270880785/22197610311	https://s.shopee.com.br/9zrpfUHBhs
18998576399	Bermuda Masculina Esportiva Academia  Camu	'	'	'	'	'	https://shopee.com.br/product/844898163/18998576399	https://s.shopee.com.br/AABFrnGYMv
23293676629	Camiseta Masculina Estampada Camisa Manga Curta 100% Algodão	'	'	'	'	'	https://shopee.com.br/product/1455760821/23293676629	https://s.shopee.com.br/AKUg46Fv1y
19831560966	Kit 2 Camisetas Masculinas Modelos Variados De Malha 100% Algodão LD(Leves Defeitos) Custo Benefício	'	'	'	'	'	https://shopee.com.br/product/324577449/19831560966	https://s.shopee.com.br/AUo6GPFHh1
23399041219	Calça Balão Premium Preta Edição Limitada Baggy Streetwear, Larga 100% Jeans de Rua – Do 36 ao 48	'	'	'	'	'	https://shopee.com.br/product/1294903149/23399041219	https://s.shopee.com.br/806lHoOnlY
22894461837	BERMUDA BASQUETE DRY-FIT ESPORTIVA PARA ACADEMIA LAZER E CASUAL	'	'	'	'	'	https://shopee.com.br/product/1500679968/22894461837	https://s.shopee.com.br/8AQBU7OAQb
42605947566	Vários modelos com Kit de 24 meia cano alto 100% algodão soquete Cano Curto Masculina Feminina Unissex direto da fabrica	'	'	'	'	'	https://shopee.com.br/product/420836026/42605947566	https://s.shopee.com.br/8KjbgQNX5e
14368641482	Kit Ate 15 Pares Meia Cano Alto Algodão Unissex 36-42	'	'	'	'	'	https://shopee.com.br/product/404333042/14368641482	https://s.shopee.com.br/8V31sjMtkh
19099500190	KIT 3  Bermudas Dry Fit de Alto Padrão Premium Casual Academia e Treinamento Externos e Internos	'	'	'	'	'	https://shopee.com.br/product/413762733/19099500190	https://s.shopee.com.br/8pfsHLLd4n
19097785048	Bermuda Jeans Shorts Masculinos Alta Qualidade Com Elastano Sport Loja de Fábrica	'	'	'	'	'	https://shopee.com.br/product/1012637330/19097785048	https://s.shopee.com.br/8zzITeKzjq
22993802467	Kit 2 Camiseta Oversized Plus Size P ao G4 Streetwear 100% Algodão Masculina	'	'	'	'	'	https://shopee.com.br/product/1291576037/22993802467	https://s.shopee.com.br/9AIifxKMOt
12858959918	Kit 4 Cuecas Lupo Boxer Em Algodão Respirável Masculino Adulto Pacote Cueca Box Confortável Original	'	'	'	'	'	https://shopee.com.br/product/371728614/12858959918	https://s.shopee.com.br/6fbNhMTsTQ
22592946223	Camisa Polo Algodão ARA Piquet Masculina Básica Estilo Dia a Dia	'	'	'	'	'	https://shopee.com.br/product/1215343776/22592946223	https://s.shopee.com.br/70EE5ySbnW
23797549746	Jaqueta Puffer Bobojaco Corta Vento Nylon Frio Reforçada	'	'	'	'	'	https://shopee.com.br/product/419081850/23797549746	https://s.shopee.com.br/7AXeIHRySZ
21899832533	Blusa Gola Alta Cacharrel frio Suéter Masculina Inverno 2025	'	'	'	'	'	https://shopee.com.br/product/796518510/21899832533	https://s.shopee.com.br/7Kr4UaRL7c
22793627197	Conjunto Casual de Verão, Camiseta com Estampa de Letra e Shorts, Conjunto de Shorts Masculino, Conjunto Masculino	'	'	'	'	'	https://shopee.com.br/product/1393539998/22793627197	https://s.shopee.com.br/7VAUgtQhmf
20299834972	Camiseta Masculina Estampa Calvin Reforçada 100% Algodão Fio 30.1	'	'	'	'	'	https://shopee.com.br/product/615506957/20299834972	https://s.shopee.com.br/7fTutCQ4Ri
18230147701	Bermuda Masculina Brim Elástico Cargo Bermudas Masculinas Cordão Na Cintura Short Sarja Elástico Casual Resistente	'	'	'	'	'	https://shopee.com.br/product/290914142/18230147701	https://s.shopee.com.br/7pnL5VPR6l
23298095374	Tapete Higienico Good Pad 60x60 Com 30 Und Super Absorção	'	'	'	'	'	https://shopee.com.br/product/293152127/23298095374	https://s.shopee.com.br/8zzOWfiCwO
23698090805	Tapete Higienico Good Pad 60x60 Com 30 Und Super Absorção	'	'	'	'	'	https://shopee.com.br/product/372024799/23698090805	https://s.shopee.com.br/9AIoiyhZbR
22897705696	Comedouro Bebedouro Ursinho Elevado Para Caes e Gatos	'	'	'	'	'	https://shopee.com.br/product/1235013838/22897705696	https://s.shopee.com.br/9AIokIEdvw
22297311780	KIT 12 pcs Porta Jóias Portátil  Caixinha Bolsa de Armazenamento Colar Brincos Anéis	'	'	'	'	'	https://shopee.com.br/product/422066279/22297311780	https://s.shopee.com.br/70Exn6J4Fo
20198076950	KIT 6 Peças Organizador Porta Joias Portátil Viagem Armazenamento de Brinco Colar	'	'	'	'	'	https://shopee.com.br/product/1430626556/20198076950	https://s.shopee.com.br/7AYNzPIQur
22997113565	Papete Birken Leve 823 KIKIVE	'	'	'	'	'	https://shopee.com.br/product/1013389007/22997113565	https://s.shopee.com.br/7fUegAODoJ
22693738494	Sandália Papete Birken Leve Ailuz	'	'	'	'	'	https://shopee.com.br/product/1384689140/22693738494	https://s.shopee.com.br/6fc7UKS1q9
18097301737	Shorts Biquíni Calcinha  Shortinho Forrado Sunquini Praia Piscina Qualidade Lycra Até o G3	'	'	'	'	'	https://shopee.com.br/product/732021396/18097301737	https://s.shopee.com.br/4VXcvhX0S8
22694706641	Porta-Joias Personalizado a Laser | Nome, Foto, Frase | Presente Especial | 10x10cm	'	'	'	'	'	https://shopee.com.br/product/256828417/22694706641	https://s.shopee.com.br/4Auo9cBBBH
22794456875	Porta Joias Personalizado Com Nome Madrinhas De Casamento Presente	'	'	'	'	'	https://shopee.com.br/product/1593812921/22794456875	https://s.shopee.com.br/4VXeYE9uVJ
23094141939	Porta Jóias Com Zíper Estojo Porta Personalizado	'	'	'	'	'	https://shopee.com.br/product/1526688124/23094141939	https://s.shopee.com.br/40bNxJBoWE
22294456483	Vestido Plissado Cores Feminino Alças Regulável Forrado Com Bojo Tecido Duna	'	'	'	'	'	https://shopee.com.br/product/1125552561/22294456483	https://s.shopee.com.br/8V3rxlNgiY
22398945447	Vestido Feminino Cores  Longo Plissado Alças Regulável Forrado Com Bojo Tecido Duna	'	'	'	'	'	https://shopee.com.br/product/1125552561/22398945447	https://s.shopee.com.br/8fNIA4N3Nd
58255054801	vestido longo, vestido longo feminino, vestido longo elegante, vestido longo casual, vestido longo festa, vestido longo	'	'	'	'	'	https://shopee.com.br/product/631723273/58255054801	https://s.shopee.com.br/5fjgciK52J
58204710531	vestido longo/vestido long verão/vestido longo femenino/vestido verão/vestido decotado/vestido femenino/vestido elegante	'	'	'	'	'	https://shopee.com.br/product/900351567/58204710531	https://s.shopee.com.br/6AfxDdIB1Q
23494243338	Desapego de Vestido, Brechó, Bazar de Vestido, vestido longo,vestido tubinho, vestido jeans,vestido longo,vestido colado	'	'	'	'	'	https://shopee.com.br/product/390984735/23494243338	https://s.shopee.com.br/60MX1KIoMP
22298556491	Vestido longo,vestido com brilho,vestido formatura,vestido madrinha,vestido debutante,vestido mae de noivo,vestido festa	'	'	'	'	'	https://shopee.com.br/product/1295484940/22298556491	https://s.shopee.com.br/6VIncFGuLW
23694299867	vestido plus vestido longo vestido forrado vestido tomara que caia vestido alcinha vestido longo	'	'	'	'	'	https://shopee.com.br/product/1193479062/23694299867	https://s.shopee.com.br/6KzNPwHXgV
22294223975	vestidos longo ,vestido plus , vestido forrado,vestido longo feminino,roupas. vestido ,moda plus moda maior	'	'	'	'	'	https://shopee.com.br/product/1193479062/22294223975	https://s.shopee.com.br/6pve0rFdfc
22094551875	vestido longo feminino, vestido forrado, vestido com lastex, vestido azul royal vestido de festa vestido plus size	'	'	'	'	'	https://shopee.com.br/product/1193479062/22094551875	https://s.shopee.com.br/6fcDoYGH0b
29117363037	Vestido 2025 de cor sólida vestido de dama europeu e americano vestido longo longo vestido longo parece magro e sem ombr	'	'	'	'	'	https://shopee.com.br/product/1259244013/29117363037	https://s.shopee.com.br/7AYUPTEMzi
22794858503	vestidos feminino/vestido/vestido de festa/vestido longo/vestido tomara que caia/vestido com bojo	'	'	'	'	'	https://shopee.com.br/product/521593172/22794858503	https://s.shopee.com.br/70F4DAF0Kh
58200379466	vestido longo  vestido festa  vestido verde  vestido elegante ,vestido sensual  vestido drapeado,vestido feminino, vesti	'	'	'	'	'	https://shopee.com.br/product/1196386922/58200379466	https://s.shopee.com.br/7VBKo5D6Jo
50854571822	Vestido De Noiva Vestido De Noiva Vestido Longo V Vestido Longo Vestido Branco Sexy Com Suspensórios Vestido De Noiva Ú	'	'	'	'	'	https://shopee.com.br/product/1709307039/50854571822	https://s.shopee.com.br/7KrubmDjen
58200772077	vestido longo plus size, vestido duno, vestido plus size G1 G2 G3 G4, vestido flussais, vestido feminino longo	'	'	'	'	'	https://shopee.com.br/product/459086907/58200772077	https://s.shopee.com.br/7poBChBpdu
21897979590	Vestido longo,vestido madrinha,vestido de formatura,vestido debutante,vestido madrinha de casamento,vestido festa	'	'	'	'	'	https://shopee.com.br/product/1295484940/21897979590	https://s.shopee.com.br/7fUl0OCSyt
22694551164	VESTIDO LONGO PRINCESA/VESTIDO LONGO DELICADO/VESTIDO CASAMENTO/VESTIDO MADRINHA CASAMENTO/MODA FEMININA/VESTIDOS DELICA	'	'	'	'	'	https://shopee.com.br/product/1517234640/22694551164	https://s.shopee.com.br/8AR1bJAYy0
29332680171	Vestido para casamento Vestido De Noiva Longo Em V Sexy Vestido Longo Vestido Branco com Suspensórios Vestido De Noiva	'	'	'	'	'	https://shopee.com.br/product/820984802/29332680171	https://s.shopee.com.br/807bP0BCIz
18699692634	Vestido babados,Formatura,Vestido madrinha,vestido evangélico,vestido longo,vestido de festa	'	'	'	'	'	https://shopee.com.br/product/1295484940/18699692634	https://s.shopee.com.br/8V3rzv9II6
50353814763	Vestido Longo, Vestido de Gala, Decoração em Metal, Patchwork, Vestido Longo com Recortes, Vestido Sexy Justo, Vestido T	'	'	'	'	'	https://shopee.com.br/product/1393455531/50353814763	https://s.shopee.com.br/8KkRnc9vd5
23898772518	vestido com alça , vestido longo vestido plus,vestido feminino vestido festa	'	'	'	'	'	https://shopee.com.br/product/1193479062/23898772518	https://s.shopee.com.br/8pgiOX81cC
22898022916	Vestido Midi Vestido Alça Feminino  Vestido Longo Vestido Longo De Alça	'	'	'	'	'	https://shopee.com.br/product/1158244628/22898022916	https://s.shopee.com.br/8fNICE8exB
23194529246	Vestido feminino, vestido elegante, vestido de verão, vestido longo, vestido para casamento, moda gringa	'	'	'	'	'	https://shopee.com.br/product/1644267278/23194529246	https://s.shopee.com.br/9AJYn96kwI
52803549289	Vestido Longo de Lã, Vestido de Suéter Slim de Alta Qualidade, Vestido Base Longo Quente com Meia Gola Alta, Vestido Sli	'	'	'	'	'	https://shopee.com.br/product/1660941862/52803549289	https://s.shopee.com.br/9008aq7OHH
22199223736	Vestido Longo Feminino Fivela Vestido Tricô Vestido Festas Vestido Final de Ano Vestido Praia	'	'	'	'	'	https://shopee.com.br/product/1485307984/22199223736	https://s.shopee.com.br/9UwPBl5UGO
58253311979	Vestido Longo Feminino Vestidos Femininos Longos Vestido Verão Longo	'	'	'	'	'	https://shopee.com.br/product/1284962714/58253311979	https://s.shopee.com.br/9KcyzS67bN
28092392120	vestido longo vestido de festa Vestido de Noite de Comprimento Médio Vestido Bodycon com Fenda e Ombros Descidos Vestido	'	'	'	'	'	https://shopee.com.br/product/244859038/28092392120	https://s.shopee.com.br/9pZFaN4DaU
42828066502	Vestido de Chiffon verão feminino longo sem mangas vestido longo vestido de praia cinto grátis vestido de banquete de fe	'	'	'	'	'	https://shopee.com.br/product/450398832/42828066502	https://s.shopee.com.br/9fFpO44qvT
44466319681	Vestido Longo Vestido de FestaVestido Longo Feminino Vestido de Noite Vestido MDCA	'	'	'	'	'	https://shopee.com.br/product/244859038/44466319681	https://s.shopee.com.br/AAC5yz2wua
48854638829	Vestido Sexy com Alças Vestido Longo Vestido Irregular com Babados Vestido de Festa Design de Vestido de Noite	'	'	'	'	'	https://shopee.com.br/product/1521523374/48854638829	https://s.shopee.com.br/9zsfmg3aFZ
49403840478	Vestido Longo Vestido de Gala Vestido Multiuso Vestido com Múltiplas Alças Cruzadas Costas Descobertas Vestido Sexy Eleg	'	'	'	'	'	https://shopee.com.br/product/1393455531/49403840478	https://s.shopee.com.br/AUowNb1gEg
58255000553	Vestido Longo Feminino liso Elegante Vestido Longo Alças Finas Cintura Marcada | Vestido Casual, Festa, Evento	'	'	'	'	'	https://shopee.com.br/product/1237078167/58255000553	https://s.shopee.com.br/AKVWBI2JZf
50055575992	Vestido feminino novo estilo mercerizado vestido de um ombro vestido dividido temperamento Sexy vestido longo dividido	'	'	'	'	'	https://shopee.com.br/product/1013280085/50055575992	https://s.shopee.com.br/BOk4bf1Ci
53056547846	Vestido longo feminino Casual plissado Halter pescoço manga senhoras festa praia vestido longo verde rendas Robe vestido	'	'	'	'	'	https://shopee.com.br/product/968150055/53056547846	https://s.shopee.com.br/15JsIfeXh
19798013893	VESTIDO MERLIN NADADOR/ VESTIDO COM FENDA/ VESTIDO FESTA/ VESTIDO LONGO	'	'	'	'	'	https://shopee.com.br/product/1446722595/19798013893	https://s.shopee.com.br/W1aTDdkWo
23994527248	Vestido femenino, vestido de verão, vestido longo, vestido elegante	'	'	'	'	'	https://shopee.com.br/product/1644267278/23994527248	https://s.shopee.com.br/LiAGueNrn
47954500822	Vestido Preto HXAO para Mulheres Slim Simples Decote Redondo Sem Mangas Vestido Longo Vestido de Férias Vestidos Casuais	'	'	'	'	'	https://shopee.com.br/product/874447996/47954500822	https://s.shopee.com.br/qeQrpcTqu
48304505517	Vestido Midi Plissado Muyer, Vestido Longo Sexy Sem Costas para Mulheres, Vestido de Praia de Verão, Vestidos de Festa R	'	'	'	'	'	https://shopee.com.br/product/874447996/48304505517	https://s.shopee.com.br/gL0fWd7Bt
30000000001	MONDIAL Micro-Ondas, Preto, 1200W, 110V	'	'	'	'	'	https://www.amazon.com.br/MONDIAL-Micro-Ondas-Preto-1200W-110V/dp/B09NL894P6?ref=dlx_seman_dg_dcl_B09NL894P6_dt_sl7_19_pi&pf_rd_r=QQME49A6J9V1T2E7YHNE&pf_rd_p=96f0fa61-c05b-4b47-becb-a5163bc9b119&th=1	https://amzn.to/4ctHc8j
31000000091	Extrato de Própolis 30 ml Apis Flora	'	'	'	'	'	https://amzn.to/3PbTQPC	https://amzn.to/3PbTQPC
44377112304	Kit Marmitas Fitness 900ml com Travas Laterais - Plástico Reutilizável, Alimentos, Organizadoras.	'	'	'	'	'	https://shopee.com.br/product/322050038/44377112304	https://s.shopee.com.br/6VHySueQeG
23698508424	2 em 1 Escova de Silicone para Vaso Sanitário - Base de Banheiro Privada, Alta Eficiênci	'	'	'	'	'	https://shopee.com.br/product/1131571856/23698508424	https://s.shopee.com.br/6KyYGbf3zF
22393832313	Kit 30 Escovinha Desentope Chuveiro Mini Limpador de Celular Escova Multifuncional Fogão Utilidades	'	'	'	'	'	https://shopee.com.br/product/1333477191/22393832313	https://s.shopee.com.br/6Af84IfhKE
22593527482	Placa Porcionadora Doce 10g 13g 15g OU 18g 55 Furos Dosadora Brigadeiro Beijinho Docinho Confeitaria	'	'	'	'	'	https://shopee.com.br/product/299163712/22593527482	https://s.shopee.com.br/60LhrzgKfD
18228394808	Pasta Aba Elástica Polipropileno 501 Ofício Sem Lombo 23 x 34 cm -  DAC | Escritório Utilidades	'	'	'	'	'	https://shopee.com.br/product/390780728/18228394808	https://s.shopee.com.br/5q2Hfggy0C
21572918037	Comedouro para gato ou cachorro porte pequeno	'	'	'	'	'	https://shopee.com.br/product/894401774/21572918037	https://s.shopee.com.br/5firTNhbLB
23798676187	Kit 10 Marmita fitness Potes 800ml Travas Laterais --> BPA FREE organizadores de alimentos vasilhas.	'	'	'	'	'	https://shopee.com.br/product/322050038/23798676187	https://s.shopee.com.br/5VPRH4iEgA
22894045367	Kit 7 Organizadores Multiuso para Gavetas, Armários, Geladeiras Potes em Acrílico	'	'	'	'	'	https://shopee.com.br/product/955954742/22894045367	https://s.shopee.com.br/5L614lis19
18036418996	Gaveteiro Organizador Grande em Plástico com 2 3 4 Gavetas Promoção	'	'	'	'	'	https://shopee.com.br/product/406061234/18036418996	https://s.shopee.com.br/AUo7EGPCXA
56552327382	Trava Cadeado Antifurto Articulado Moto Bicicleta Bike Portão	'	'	'	'	'	https://shopee.com.br/product/1553038344/56552327382	https://s.shopee.com.br/AKUh1xPps9
22397318166	Escova De Banho Com Bucha 2 Em 1 Para Esfregar As Costas E Esfregar	'	'	'	'	'	https://shopee.com.br/product/1077169503/22397318166	https://s.shopee.com.br/AABGpeQTD8
58201302008	Suporte Organizador Cabide 10 Ganchos Encaixe Porta Pendura Roupas	'	'	'	'	'	https://shopee.com.br/product/302077094/58201302008	https://s.shopee.com.br/9zrqdLR6Y7
18498315347	Kit 6 Cestos Organizadores Multiuso Empilhável de Plástico 2 Litros Cozinha Banheiro Guarda Roupa	'	'	'	'	'	https://shopee.com.br/product/386218412/18498315347	https://s.shopee.com.br/9pYQR2Rjt6
22198926447	kit Vasos Decorativos Luxo Branco/ Off White em Espiral - Decoração	'	'	'	'	'	https://shopee.com.br/product/500073905/22198926447	https://s.shopee.com.br/9fF0EjSNE5
16969452583	Mesa Preto Dobrável De Madeira Portátil Para Estudo notebook Utilidades	'	'	'	'	'	https://shopee.com.br/product/340449488/16969452583	https://s.shopee.com.br/9Kc9q7Tdu3
23594681691	Baldinho De Praia Areia Balde Grande Brinquedo Infantil	'	'	'	'	'	https://shopee.com.br/product/1263185865/23594681691	https://s.shopee.com.br/9AIjdoUHF2
18298599309	Caixa Organizadora com Tampa Grande 22 Litros Banheiro Cozinha	'	'	'	'	'	https://shopee.com.br/product/406061234/18298599309	https://s.shopee.com.br/8zzJRVUua1
22194067088	Kit 3 Potes Hermeticos 2,2 Litros Para Cozinha Acrílico Cristal Empalhável Organizador BPA Free	'	'	'	'	'	https://shopee.com.br/product/1469235723/22194067088	https://s.shopee.com.br/8pftFCVXv0
23098219615	Cesto Organizador De Roupas Grande 45 Litros Jaguar Utilidades Lavandeira Banheiro Quarto	'	'	'	'	'	https://shopee.com.br/product/353316641/23098219615	https://s.shopee.com.br/8fMT2tWBFz
22598466792	Kit 3 Acessórios Banheiro com Bandeja Dispenser Sabonete Líquido e Porta Escovas Algodão	'	'	'	'	'	https://shopee.com.br/product/1050951084/22598466792	https://s.shopee.com.br/8V32qaWoay
23998677572	Kit Jogo Forma Assadeira Bolo redonda alta	'	'	'	'	'	https://shopee.com.br/product/976810097/23998677572	https://s.shopee.com.br/8KjceHXRvx
22198379939	Kit 3 Formas N18-20-22 Bolo Vulcão Pudim Padaria Redonda Aluminio	'	'	'	'	'	https://shopee.com.br/product/1376556391/22198379939	https://s.shopee.com.br/8AQCRyY5Gw
23294295649	Kit Protetor Assento Vaso Sanitário Descartável Plástico Portátil Viagem	'	'	'	'	'	https://shopee.com.br/product/374643692/23294295649	https://s.shopee.com.br/806mFfYibv
22394198767	Kit Mantimentos 20 Peças – Potes Organizadores de Cozinha Etiquetados Premium tupperware	'	'	'	'	'	https://shopee.com.br/product/1444519090/22394198767	https://s.shopee.com.br/20pZ6dvYmm
23993410185	Organizador de Mesa Multiuso com Gavetas Escritório Maquiagem Branco Preto Rosa Eom Utilidades	'	'	'	'	'	https://shopee.com.br/product/848875181/23993410185	https://s.shopee.com.br/2B8zIwuvRp
20199257692	Aparador Buffet Cantinho do Café Mesa Industrial de Decoração 2 Prateleiras MDF Aço Sala Recepção	'	'	'	'	'	https://shopee.com.br/product/786374549/20199257692	https://s.shopee.com.br/2LSPVFuI6s
15887005172	Conjunto 2 Mesas Mesinhas De Canto Com Tamanhos Diferentes E Apoio De Sofá decoração sala quarto Tripé Retro	'	'	'	'	'	https://shopee.com.br/product/786374549/15887005172	https://s.shopee.com.br/2VlphYtelv
23397362222	Kit 2 Caixas Organizadora com Tampa 15 Litros Armário Banheiro Escritório Promoção	'	'	'	'	'	https://shopee.com.br/product/331533821/23397362222	https://s.shopee.com.br/1LZsJPy68i
21798316381	Suporte Cabide 10 Ganchos Para Porta Organizador Sem Furo	'	'	'	'	'	https://shopee.com.br/product/296425301/21798316381	https://s.shopee.com.br/1VtIVixSnl
19217639217	Comedouro para Gatos e Cachorro Pequeno Porte	'	'	'	'	'	https://shopee.com.br/product/775360591/19217639217	https://s.shopee.com.br/1gCii1wpSo
15187126305	Bomba de Sucção Manual Com Mangueira	'	'	'	'	'	https://shopee.com.br/product/464358259/15187126305	https://s.shopee.com.br/1qW8uKwC7r
23993104990	Kit 3 Tesouras Multiuso Multi Funções Cabelo Papel Plástico Borracha Eva, costura e utilidades cozinha Tesoura	'	'	'	'	'	https://shopee.com.br/product/1276927090/23993104990	https://s.shopee.com.br/gKBWC0dUe
22694656612	Individual ou Kit Super Band 4 Níveis Força Crossfit Treino Funcional Yoga  Colorida Fisioterapia Recuperação Muscular	'	'	'	'	'	https://shopee.com.br/product/426363296/22694656612	https://s.shopee.com.br/qdbiV009h
22293922164	Porta Escova de Dentes Luxo com Tampa Slim Branco Fume ou Rose - UZ Utilidades	'	'	'	'	'	https://shopee.com.br/product/508193760/22293922164	https://s.shopee.com.br/10x1unzMok
22993277258	Porta Talheres Organizadora Multiuso Prático Design Sofisticado Gaveta Divisor	'	'	'	'	'	https://shopee.com.br/product/1053431316/22993277258	https://s.shopee.com.br/1BGS76yjTn
22694052020	Kit 21 Organizador Modular Multiuso Acrílico Cristal Cesto Gaveta Maquiagem Geladeira	'	'	'	'	'	https://shopee.com.br/product/955954742/22694052020	https://s.shopee.com.br/14Uiy3Aqa
21697992463	Kit Espátula mais Colher de Silicone Antiaderente Utilidade Domestica	'	'	'	'	'	https://shopee.com.br/product/1038022049/21697992463	https://s.shopee.com.br/BNuvH2XVd
22934688200	Kit 4 Caixa Organizadora com Tampa Banheiro Escritório Gaveta em Plástico 1,8 L 5 L 15 L	'	'	'	'	'	https://shopee.com.br/product/331533821/22934688200	https://s.shopee.com.br/LhL7a1uAg
19099500229	Prateleira Industrial de Parede Ferro MDF Kit 3 Estante Suspensa Decorativa para Sala e Salão de Beleza	'	'	'	'	'	https://shopee.com.br/product/786374549/19099500229	https://s.shopee.com.br/W0lJt1Gpj
23393679018	Escorredor Porta Copos de Cozinha Pia Mesa 6 Lugares	'	'	'	'	'	https://shopee.com.br/product/1453367088/23393679018	https://s.shopee.com.br/4fqKHXlPNY
18399181653	Tapete De Banheiro Quadrado Absorve Água Antiderrapante Secagem Rápida 38x58cm BELA CASA UTILIDADES	'	'	'	'	'	https://shopee.com.br/product/1103274582/18399181653	https://s.shopee.com.br/4q9kTqkm2b
21198024889	Porta Rolo Suporte Parede Cozinha 4 em 1 Papel Toalha, Alumínio, Filme PVC e 2 Ganchos para Talheres	'	'	'	'	'	https://shopee.com.br/product/1453367088/21198024889	https://s.shopee.com.br/5AmasSjVMh
22798784032	200 Toalhas 19x23 Wipers Multipano em rolo limpeza reutilizável lavável absorvente descartaveis	'	'	'	'	'	https://shopee.com.br/product/935485915/22798784032	https://s.shopee.com.br/40adUJnwjU
23896172379	Conjunto 4 Caixas Organizadoras Grande 22 Litros Com Tampa Jaguar	'	'	'	'	'	https://shopee.com.br/product/768453667/23896172379	https://s.shopee.com.br/4Au3gcnJOX
58251295688	Suporte Cabide 10 Ganchos Encaixe Porta Pendura Organizador Roupas	'	'	'	'	'	https://shopee.com.br/product/288771037/58251295688	https://s.shopee.com.br/4LDTsvmg3a
22298675000	Kit 2 Caixas Organizadora com Tampa 15 Litros Armário Banheiro Escritório Promoção	'	'	'	'	'	https://shopee.com.br/product/503859355/22298675000	https://s.shopee.com.br/4VWu5Em2id
20596923478	Jogo 2 Mesas Pequenas 45 E 30 Cm De Altura Pé Palito Decoração Lar Doce Lar Conjunto De Mesinhas	'	'	'	'	'	https://shopee.com.br/product/786374549/20596923478	https://s.shopee.com.br/3LKwh5qU5Q
20508969347	Suporte Lt Com Cabo Extensor Telescópio até 3 metros (escolha a medida) New Clean + duas fibras	'	'	'	'	'	https://shopee.com.br/product/269031181/20508969347	https://s.shopee.com.br/3VeMtOpqkT
23493009834	Organizador de Escritório 3 Gavetas Gaveteiro Multiuso Porta Ferramentas Resistente	'	'	'	'	'	https://shopee.com.br/product/353316641/23493009834	https://s.shopee.com.br/3fxn5hpDPW
58252126247	Suporte De Micro-ondas Forno Eletrico air fryer Porta Tempeiros Industrial Multiuso 2 Prateleiras Aço Reforçado Cozinha	'	'	'	'	'	https://shopee.com.br/product/786374549/58252126247	https://s.shopee.com.br/3qHDI0oa4Z
54451741278	Saco de Lixo Rolo Perfumado Lavanda Citronela Ou Preto Reforçado 10L a 200L	'	'	'	'	'	https://shopee.com.br/product/345167078/54451741278	https://s.shopee.com.br/2g5Ftrt1RM
18299097170	Prendedor De Lençol Esticador Cama Todos Tamanhos 4 Pcs com Presilha coisas diferentes para casa	'	'	'	'	'	https://shopee.com.br/product/1046098823/18299097170	https://s.shopee.com.br/2qOg6AsO6P
23194315113	Kit Vasos Decorativos Luxo Vermelho em Espiral - Decoração	'	'	'	'	'	https://shopee.com.br/product/500073905/23194315113	https://s.shopee.com.br/30i6ITrklS
23391449455	Kit 10 Colmeias Organizadoras Transparentes P Branca | Gavetas Sempre Organizadas | SU SONHO	'	'	'	'	'	https://shopee.com.br/product/1010513540/23391449455	https://s.shopee.com.br/3B1WUmr7QV
23297506726	Gaveteiro Organizador de Mesa 3 Gavetas Multiuso Porta Maquiagem Escritório Ferramentas	'	'	'	'	'	https://shopee.com.br/product/353316641/23297506726	https://s.shopee.com.br/7VAVekacdN
22497099848	Bolsa Feminina Transversal Porta Celular 3 Divisórias Social HH Utilidades	'	'	'	'	'	https://shopee.com.br/product/1101695100/22497099848	https://s.shopee.com.br/7fTvr3ZzIQ
19498756866	Mesinha Pequena Mesa de Cabeceira Pé Palito Retro Para Quarto Sala	'	'	'	'	'	https://shopee.com.br/product/786374549/19498756866	https://s.shopee.com.br/6fbOfDdnKG
8968116253	Porta Detergente Dispenser Porta Esponja Bucha Com Bico Dosador 500ml UZ - Preto	'	'	'	'	'	https://shopee.com.br/product/354887644/8968116253	https://s.shopee.com.br/6puorWd9zJ
23793857700	Porta Frios Duplo com Tampa Branco Mesa Posta	'	'	'	'	'	https://shopee.com.br/product/1423547390/23793857700	https://s.shopee.com.br/70EF3pcWeM
22498089727	Kit Banheiro Luxo Lavabo Porta Sabonete Sabão Líquido Algodão Escova de Dentes Rose Gold	'	'	'	'	'	https://shopee.com.br/product/1427428841/22498089727	https://s.shopee.com.br/7AXfG8btJP
19798035921	Cesto Organizador de Roupa 45 Litros Grande Lavanderia Banheiro Cesto de Plástico Linha Juta Jaguar	'	'	'	'	'	https://shopee.com.br/product/405453653/19798035921	https://s.shopee.com.br/60LhrzgKgC
52850316874	Kit Pano De Prato Pé De Galinha Grande Branco com Bainha	'	'	'	'	'	https://shopee.com.br/product/1036231479/52850316874	https://s.shopee.com.br/6Af84IfhLF
23693721372	Saco Zip Fecho Slider Para Alimentos e Utilidades Marca Talge	'	'	'	'	'	https://shopee.com.br/product/1088688575/23693721372	https://s.shopee.com.br/6KyYGbf40I
23993962362	Pedra De Amolar e Afiar Faca Dupla Face Retangular 8 Para Cozinha	'	'	'	'	'	https://shopee.com.br/product/1216269385/23993962362	https://s.shopee.com.br/6VHySueQfL
14683679053	Kit Escova Multiuso Limpeza Para Trilho De Janelas	'	'	'	'	'	https://shopee.com.br/product/413122741/14683679053	https://s.shopee.com.br/5L614lis28
23297990872	Comedouro Casinha para Pássaros em Madeira Pinus - Ideal para Aves Coleirinho Curió Azulão Canário	'	'	'	'	'	https://shopee.com.br/product/775360591/23297990872	https://s.shopee.com.br/5VPRH4iEhB
22794642997	Kit 2 Luva Térmica Para Forno Fogão Quente Cozinha Culinária Luvas Metalizada Universal	'	'	'	'	'	https://shopee.com.br/product/1571835059/22794642997	https://s.shopee.com.br/5firTNhbME
23098244037	Tornozeleira/Caneleira de Peso Unidade 2KG Crossfit/Fitness/Academia/Musculação SC	'	'	'	'	'	https://shopee.com.br/product/847374786/23098244037	https://s.shopee.com.br/5q2Hfggy1H
58252243832	Kits Veda Protetor Porta Impermeável Anti Insetos Sujeira 90cm Ajustável Preto Cinza - Monte Seu KIT	'	'	'	'	'	https://shopee.com.br/product/596549648/58252243832	https://s.shopee.com.br/9zrqdLR6Z6
23998626096	Conjunto 8 Potes Acrílico Cristal 2,2L 1,2L Herméticos BPA Free Para Mantimentos, Alimentos Cereais Empilháveis	'	'	'	'	'	https://shopee.com.br/product/1469235723/23998626096	https://s.shopee.com.br/AABGpeQTE9
58201211842	Aparador Industrial Café Barzinho Buffet Decoração MDF Aço Antioxidante Pés Reguláveis Porta Retrato Sala Copa Recepção	'	'	'	'	'	https://shopee.com.br/product/786374549/58201211842	https://s.shopee.com.br/AKUh1xPptC
18499892918	Porta Livros Inspirado em Harry Potter Plataforma + Luminária Insígnia Preta Decoração Utilidade	'	'	'	'	'	https://shopee.com.br/product/1035700354/18499892918	https://s.shopee.com.br/AUo7EGPCYF
58251206953	Kit Lavabo Cerâmica 4 Peças Conjunto de Pia Banheiro Dispenser Porta Escovas Utilidades Domésticas	'	'	'	'	'	https://shopee.com.br/product/340076400/58251206953	https://s.shopee.com.br/9Kc9q7Tdv2
18099956143	Kit Vasos Decorativos Luxo Preto em Espiral Elegante / Moderno - Decoração	'	'	'	'	'	https://shopee.com.br/product/500073905/18099956143	https://s.shopee.com.br/9Uva2QT0a5
22000331271	Display Suporte L Expositor 13x18 Acrílico(ps) Fotos Porta Transparente mini banner Licenças	'	'	'	'	'	https://shopee.com.br/product/873192171/22000331271	https://s.shopee.com.br/9fF0EjSNF8
23294635248	Modelador Aro Redondo Em Inox Forma Para Fritar Ovo Hamburguer	'	'	'	'	'	https://shopee.com.br/product/767252595/23294635248	https://s.shopee.com.br/9pYQR2RjuB
23294440936	Kit 10 Pano de Prato Grande Branco Pé de Galinha Algodao	'	'	'	'	'	https://shopee.com.br/product/1036231479/23294440936	https://s.shopee.com.br/8fMT2tWBGy
58202169433	Palavra Decorativa GRATIDÃO em MDF Preto, Branco e Cru Ideal para Sala, Escritório e Presentes	'	'	'	'	'	https://shopee.com.br/product/1592354366/58202169433	https://s.shopee.com.br/8pftFCVXw1
22691805918	Tapete em Tricot, Feito a Mão Sala, Modelo Redondo, Utilidade Sala, Copa ou Cozinho, Medidndo 90 cm	'	'	'	'	'	https://shopee.com.br/product/1033951588/22691805918	https://s.shopee.com.br/8zzJRVUub4
23094550976	RestauraX Vonixx Restaurador de Plásticos 240ml – Brilho e Proteção para Carros, Motos e Utilidades	'	'	'	'	'	https://shopee.com.br/product/470529656/23094550976	https://s.shopee.com.br/9AIjdoUHG7
22298574415	Conjunto 4 Potes 1,2 Litros Herméticos Acrílico Cristal Empilháveis Organizadores Para Cozinha	'	'	'	'	'	https://shopee.com.br/product/1469235723/22298574415	https://s.shopee.com.br/806mFfYicu
22198392991	Porta Papel Toalha Organizador Metal Luxo Suporte De Mesa	'	'	'	'	'	https://shopee.com.br/product/1497535554/22198392991	https://s.shopee.com.br/8AQCRyY5Hx
23997347410	Tapete Escorredor De Louças Copos Panelas e Pia com Alta Absorção	'	'	'	'	'	https://shopee.com.br/product/1131571856/23997347410	https://s.shopee.com.br/8KjceHXRx0
58251603292	Suporte Porta  Papel Higiênico Aramado Chão  suporta Ate 3 Rolos Qualidade E Utilidade	'	'	'	'	'	https://shopee.com.br/product/1481319365/58251603292	https://s.shopee.com.br/8V32qaWoc3
23897959741	Kit Com 5 Rolinhos e 1 Suporte Cata Caca Higienico	'	'	'	'	'	https://shopee.com.br/product/1368277872/23897959741	https://s.shopee.com.br/2B8zIwuvSq
22698641056	1 Desentupidor Pia Sanfonado Reforçado Utilidades Domésticas Borracha Com Cabo Cozinha Banheiro	'	'	'	'	'	https://shopee.com.br/product/345063899/22698641056	https://s.shopee.com.br/2VlphYtemw
22992673984	Estante Utilidades Plastica C/ pezinhos  3 Prateleiras 75x55x25cm, ideal em cozinha, sapatos, livros	'	'	'	'	'	https://shopee.com.br/product/266298289/22992673984	https://s.shopee.com.br/2LSPVFuI7v
22298053858	Dispenser Manual Sabonete Líquido Shampoo Suporte Parede Banheiro Cozinha Detergente Porta Pratico	'	'	'	'	'	https://shopee.com.br/product/337958318/22298053858	https://s.shopee.com.br/1VtIVixSom
22497479876	Mesinha de Centro Industrial Decorativa de Sala Pés De Ferro MDF BRANCO, PRETO OU FREIJÓ	'	'	'	'	'	https://shopee.com.br/product/786374549/22497479876	https://s.shopee.com.br/1LZsJPy69l
8799591465	Caixa de MDF Personalizada Folhagem ou Floral para Presente Casamento, Aniversário etc	'	'	'	'	'	https://shopee.com.br/product/346371023/8799591465	https://s.shopee.com.br/1qW8uKwC8s
18463921562	10 Suporte Displays A6 L Expositor 10x15 Acrílico (PS) Placa pix Aviso Mesa Balcao Cardapio Licenças	'	'	'	'	'	https://shopee.com.br/product/873192171/18463921562	https://s.shopee.com.br/1gCii1wpTr
23498477317	Escova de Silicone 2 em 1 para Vaso Sanitário - Base de Banheiro Privada, Alta Eficiênci	'	'	'	'	'	https://shopee.com.br/product/326847441/23498477317	https://s.shopee.com.br/qdbiV00Ai
5295144605	Kit Mesinha Mesa Infantil com 1 Cadeira Menino Menina Homem Aranha Princesa Feminino Masculino	'	'	'	'	'	https://shopee.com.br/product/388823177/5295144605	https://s.shopee.com.br/gKBWC0dVh
23992797736	Tapete De Banheiro Quadrado Absorve Água Antiderrapante Secagem Rápida 38x58cm HH UTILIDADES	'	'	'	'	'	https://shopee.com.br/product/1101695100/23992797736	https://s.shopee.com.br/1BGS76yjUo
19297727564	Kit 10 Pote Porta Temperos Mantimentos 110ml Design Sofisticado Tampa De Bambu Hermético	'	'	'	'	'	https://shopee.com.br/product/1053431316/19297727564	https://s.shopee.com.br/10x1unzMpn
20198149320	15 Displays L 6x4 Acrílico Mini Lousa Buffet Porta Preço	'	'	'	'	'	https://shopee.com.br/product/873192171/20198149320	https://s.shopee.com.br/8AQCSub3M1
22098887694	Porta Temperos 12 Potes Herméticos 150ml Cozinha Kit Organizadores	'	'	'	'	'	https://shopee.com.br/product/1187578420/22098887694	https://s.shopee.com.br/8KjcfDaQ14
22994279140	Tabua de Passar de Madeira Resistente com Forro Térmico Suporta Alta Temperaturas - King Utilidades	'	'	'	'	'	https://shopee.com.br/product/1461889241/22994279140	https://s.shopee.com.br/8V32rWZmg7
25141569145	KIT Pincéis de Silicone Grande Pincel Culinário Cozinha Utilidades Pincel para Azeite Confeitaria	'	'	'	'	'	https://shopee.com.br/product/436723291/25141569145	https://s.shopee.com.br/8fMT3pZ9LA
22094738029	Jogo 07 Sacos de roupa a Vácuo 40x60cm Edredom Toalhas Roupas viagem Multiuso Utilidades Qualidade Economiza Espaço	'	'	'	'	'	https://shopee.com.br/product/921860695/22094738029	https://s.shopee.com.br/8pftG8YW0D
20999870255	Flanela Toalha Pano Microfibra Dupla Face	'	'	'	'	'	https://shopee.com.br/product/1517422446/20999870255	https://s.shopee.com.br/8zzJSRXsfG
23495615649	Babá Eletrônica Câmera Wifi Visão Noturna Infravermelho AS UTILIDADES	'	'	'	'	'	https://shopee.com.br/product/767898576/23495615649	https://s.shopee.com.br/9AIjekXFKJ
23893148102	RODO TWISTER ARTICULADO 180º REFIL SILICONE C/ CABO EXTENSOR TELESCÓPICO 1,5 MTS - USO PROFISSIONAL	'	'	'	'	'	https://shopee.com.br/product/269031181/23893148102	https://s.shopee.com.br/1VtIWf0Qsq
23893650356	Kit Vasos Decorativos Luxo Branco em Espiral - Decoração	'	'	'	'	'	https://shopee.com.br/product/500073905/23893650356	https://s.shopee.com.br/1LZsKM14Dp
41872356310	Cadeira Flutuante Rede para Piscina em Tela de Nylon Resistente assento Adultos e Crianças	'	'	'	'	'	https://shopee.com.br/product/1108226774/41872356310	https://s.shopee.com.br/1qW8vGzACw
23198350783	Kit 2 Acessórios Banheiro com Bandeja Dispenser Sabonete Líquido e Porta Escovas - Usual Utilidades	'	'	'	'	'	https://shopee.com.br/product/788172230/23198350783	https://s.shopee.com.br/1gCiixznXv
22497175138	Estante Utilidades plástica com Pezinhos 2 prateleiras, varias cores ideal para cozinha, quarto	'	'	'	'	'	https://shopee.com.br/product/266298289/22497175138	https://s.shopee.com.br/2B8zJsxtX2
58201160861	Porta Bolo Boleira de Bambu com Tampa Acrílica Boleira Decorativa Mesa Posta Utilidades Domésticas	'	'	'	'	'	https://shopee.com.br/product/1360529796/58201160861	https://s.shopee.com.br/20pZ7ZyWs1
14690704785	Kit Jogo 4 Prateleiras De Livro De Parede 100% Mdf Branco 60 X 20 Suporte Porta Quadros	'	'	'	'	'	https://shopee.com.br/product/786374549/14690704785	https://s.shopee.com.br/2VlpiUwcr8
58251741436	KIT 10 Sacos a Vácuo Grande Organizador Edredom Coberto Mala Roupa De Cama 50x60  Utilidades Premium	'	'	'	'	'	https://shopee.com.br/product/1553082472/58251741436	https://s.shopee.com.br/2LSPWBxGC7
58252174953	Palavra de Mesa GRATIDÃO em MDF Decoração Bancada Artesanato Sala Escritório e Presentes	'	'	'	'	'	https://shopee.com.br/product/1592354366/58252174953	https://s.shopee.com.br/BNuwD5Vai
23698182930	Kit 10 Panos de prato para pintura artesanato pano de cozinha para pintar	'	'	'	'	'	https://shopee.com.br/product/1036231479/23698182930	https://s.shopee.com.br/14Uju68vh
21599180367	Relógio de Parede Ou Mesa 15cm Redondo ESTILO MADEIRA bela casa utilidades	'	'	'	'	'	https://shopee.com.br/product/1103274582/21599180367	https://s.shopee.com.br/W0lKp4Euo
58201602276	Imã De Geladeira Porta Recados Agenda Semanal Planer Reuniões Lista De Compras Avisos Recados Exames Dieta afazeres	'	'	'	'	'	https://shopee.com.br/product/399130985/58201602276	https://s.shopee.com.br/LhL8W4sFn
8927120814	Kit Bloco De Espuma Automotivo Macia Bucha Para Lavar Carros Multiuso Azul Limpar Carro Moto	'	'	'	'	'	https://shopee.com.br/product/267474618/8927120814	https://s.shopee.com.br/qdbjR2yEu
22196812621	Espelho Banheiro Grande 60cm x 70cm + kit instalação Decoração Sala Lavabo Casa Loja Quarto Provador	'	'	'	'	'	https://shopee.com.br/product/486032786/22196812621	https://s.shopee.com.br/gKBX83bZt
22396137230	Kit com 5 Pacotes de Musgo para Artesanato - Cada Pacotinho com 20g	'	'	'	'	'	https://shopee.com.br/product/319333577/22396137230	https://s.shopee.com.br/1BGS831hZ0
22097685745	Pochete Cartucheira de Perna Preta Camuflada Lisa Utilidades Trabalho Resistente Exercito	'	'	'	'	'	https://shopee.com.br/product/880121649/22097685745	https://s.shopee.com.br/10x1vk2Ktz
23392881957	Jogo De Alicate peças Ferramenta Universal Corte Meia Cana utilidades profissional Hobby  resistente duradouro qualidade	'	'	'	'	'	https://shopee.com.br/product/340712945/23392881957	https://s.shopee.com.br/4Au3hYqHTc
22092804263	Relógio de Parede ou Mesa 15cm Redondo NÚMEROS bela casa utilidades	'	'	'	'	'	https://shopee.com.br/product/1103274582/22092804263	https://s.shopee.com.br/40adVFquob
22394411291	Porta Frios Geladeira Com Divisória e Escorredor de Líquido Em Acrílico Resistente Transparente Com Tampa Organizador	'	'	'	'	'	https://shopee.com.br/product/1507243820/22394411291	https://s.shopee.com.br/4VWu6Ap0ni
23194707926	07 Unidades Saco a Vacuo 60x80cm Edredom Toalhas Roupas viagem Multiuso Utilidades Premium Economiza Espaço Multiuso	'	'	'	'	'	https://shopee.com.br/product/921860695/23194707926	https://s.shopee.com.br/4LDTtrpe8h
23994505402	Kit 4 Prateleiras MDF 25×10 Decorativo Suporte Resistente Quarto Sala Banheiro Cozinha	'	'	'	'	'	https://shopee.com.br/product/786374549/23994505402	https://s.shopee.com.br/4q9kUmnk7o
22698715022	Conjunto de Lustres Teto Luminária Pendente Bambu Rattan Rústico Trançado Para Sala Cozinha Varanda	'	'	'	'	'	https://shopee.com.br/product/1386778754/22698715022	https://s.shopee.com.br/4fqKIToNSn
22392621899	Tapete Pvc Capacho Bem Vindo Emborrachado Antiderrapante para Porta HH UTILIDADES	'	'	'	'	'	https://shopee.com.br/product/1101695100/22392621899	https://s.shopee.com.br/5AmatOmTRu
23394154672	3 Sacos Descartáveis Para Aspirador Pó Lavor Wash Compact Eco 1250w	'	'	'	'	'	https://shopee.com.br/product/624316937/23394154672	https://s.shopee.com.br/9zsCnuTPwo
23494155176	3 Sacos Descartáveis + Filtro Motor Para Aspirador Lavor Wash Compact Eco 1250w	'	'	'	'	'	https://shopee.com.br/product/624316937/23494155176	https://s.shopee.com.br/AABd0DSmbr
18697827315	Pó Mágico Tira Manchas De Roupas Coloridas E Brancas Poder O2 Pote De 1Kg	'	'	'	'	'	https://shopee.com.br/product/851943462/18697827315	https://s.shopee.com.br/8fMsUCXwRV
22998808300	Po Magico puro em granulado para tirar manchas e clarear roupa 1kg	'	'	'	'	'	https://shopee.com.br/product/358661860/22998808300	https://s.shopee.com.br/9AJ957W2Qc
19297470323	Impermax Repelente Água Vidro 500ml Cristalizador De Vidros Para Brisa Boxs Janelas Espelhos Móveis	'	'	'	'	'	https://shopee.com.br/product/988045411/19297470323	https://s.shopee.com.br/8zzisoWflb
58203320937	Pastilhas Efervescentes para Limpeza de Máquina de Lavar Roupas – Multifuncional	'	'	'	'	'	https://shopee.com.br/product/1515146550/58203320937	https://s.shopee.com.br/8AQbtHZqSS
49701924433	Kit 12 Limpadores Pastilha de Sabão para Máquina de Lavar	'	'	'	'	'	https://shopee.com.br/product/504894896/49701924433	https://s.shopee.com.br/807BgyaTnR
23298162156	Removedor de Mofo e Bolor WAP LIMPA MOFO E BOLOR 500ML Limpeza preventiva com Fragrância de Capim Limão	'	'	'	'	'	https://shopee.com.br/product/602392852/23298162156	https://s.shopee.com.br/8V3SHtYZmY
22393647511	WAP Limpa Mofo e Bolor 500ml Limpador Removedor Preventivo de Mofo e Bolor com Fragrância de Capim Limão	'	'	'	'	'	https://shopee.com.br/product/1452229235/22393647511	https://s.shopee.com.br/8Kk25aZD7X
ML3910323319	Pipoqueira Antiaderente Cozillar 4,5 Litros Tampa De Vidro	'	'	'	'	'	https://meli.la/2npDubo	https://meli.la/2npDubo

